SriLanka_creole,phonetic_transcription,phono_TRSVD,phono_CV
Abaço,abaso,V.TV.SV,V.CV.CV
Aberçà,abeɾsaː,V.TVR.SV,V.CVC.CV
abersà,abeɾsaː,V.TVR.SV,V.CVC.CV
aburçá,abuɾsaː,V.TVR.SV,V.CVC.CV
Aburcé,abuɾseː,V.TVR.SV,V.CVC.CV
Ablà,ablaː,V.TRV,V.CCV
Aborcido,aboɾsido,V.TVR.SV.TV,V.CVC.CV.CV
Absença,absensa,V.T.SVR.SV,V.C.CVC.CV
Absente,absente,V.T.SVR.TV,V.C.CVC.CV
Abundamente,abundamente,V.TVR.TV.RVR.TV,V.CVC.CV.CVC.CV
Abysso,abiso,V.TV.SV,V.CV.CV
Acá,akaː,V.TV,V.CV
Acceptà,akseptaː,V.T.SV.T.TV,V.C.CV.C.CV
Acceptação,akseptasaːo,V.T.SV.T.TV.SV.V,V.C.CV.C.CV.CV.V
Acceptavel,akseptaʋel,V.T.SV.T.TV.TVR,V.C.CV.C.CV.CVC
Acoompinhà,akoompiɲaː,V.TV.VR.TV.RV,V.CV.VC.CV.CV
Accordá,akoɾdaː,V.TVR.TV,V.CVC.CV
Acoordança,akooɾdansa,V.TV.VR.TVR.SV,V.CV.VC.CVC.CV
accordancè,akoɾdanseː,V.TVR.TVR.SV,V.CVC.CVC.CV
Acento,asento,V.SVR.TV,V.CVC.CV
Acerto,aseɾto,V.SVR.TV,V.CVC.CV
Achar,at̠ʃaɾ,V.TVR,V.CVC
Açorague,asoɾage,V.SV.RV.TV,V.CV.CV.CV
Ade,ade,V.TV,V.CV
adem,adem,V.TVR,V.CVC
Ade,ade,V.TV,V.CV
Adéo,adeːo,V.TV.V,V.CV.V
Adiôto,adioːto,V.TV.V.TV,V.CV.V.CV
Adivu,adiʋu,V.TV.TV,V.CV.CV
adiu,adiu,V.TV.V,V.CV.V
adio,adio,V.TV.V,V.CV.V
adéo,adeːo,V.TV.V,V.CV.V
Adjudà,ad̠ʒudaː,V.TV.TV,V.CV.CV
Admiral,admiɾal,V.TRV.RVR,V.CCV.CVC
Adultéria,adulteːɾia,V.TVR.TV.RV.V,V.CVC.CV.CV.V
adulteração,adulteɾasaːo,V.TVR.TV.RV.SV.V,V.CVC.CV.CV.CV.V
Adulterioso,adulteɾiozo,V.TVR.TV.RV.V.SV,V.CVC.CV.CV.V.CV
adulteiroso,adulteiɾozo,V.TVR.TVG.RV.SV,V.CVC.CVG.CV.CV
Advocat,adʋokat,V.T.TV.TV.T,V.C.CV.CV.C
Advogador,adʋogadoɾ,V.T.TV.TV.TVR,V.C.CV.CV.CVC
Affajado,afad̠ʒado,V.TV.TV.TV,V.CV.CV.CV
Affeçan,afesan,V.TV.SVR,V.CV.CVC
Afflictá,afliktaː,V.TRV.T.TV,V.CCV.C.CV
Ágô,aːgoː,V.TV,V.CV
Agór,agoːɾ,V.TVR,V.CVC
agorra,agora,V.TV.RV,V.CV.CV
agorrè,agoreː,V.TV.RV,V.CV.CV
Agradado,agɾadado,V.TRV.TV.TV,V.CCV.CV.CV
Aguá,aguaː,V.TV.V,V.CV.V
aguvá,aguʋaː,V.TV.TV,V.CV.CV
Aindè,aindeː,V.VR.TV,V.VC.CV
Aio,aio,VG.V,VG.V
Ajo,ad̠ʒo,V.TV,V.CV
Alà,alaː,V.RV,V.CV
allá,alaː,V.RV,V.CV
Albre,albɾe,VR.TRV,VC.CCV
àlbri,aːlbɾi,VR.TRV,VC.CCV
àlbir,aːlbiɾ,VR.TVR,VC.CVC
Aldeano,aldeano,VR.TV.V.RV,VC.CV.V.CV
Aldia,aldia,VR.TV.V,VC.CV.V
Alegrado,alegɾado,V.RV.TRV.TV,V.CV.CCV.CV
Alegroso,alegɾozo,V.RV.TRV.SV,V.CV.CCV.CV
Alembrá,alembɾaː,V.RVR.TRV,V.CVC.CCV
Alembração,alembɾasaːo,V.RVR.TRV.SV.V,V.CVC.CCV.CV.V
Alfada,alfada,VR.TV.TV,VC.CV.CV
Alfàndago,alfaːndago,VR.TVR.TV.TV,VC.CVC.CV.CV
Alfiato,alfiato,VR.TV.V.TV,VC.CV.V.CV
Algoso,algozo,VR.TV.SV,VC.CV.CV
Alguems,algems,VR.TVRS,VC.CVCC
Alhum,aʎum,V.RVR,V.CVC
alum,alum,V.RVR,V.CVC
Alhuma,aʎuma,V.RV.RV,V.CV.CV
algum de Alhumas,algum de aʎumas,VR.TVR TV V.RV.RVS,VC.CVC CV V.CV.CVC
Alhumhoras,aʎumoɾas,V.RV.RV.RVS,V.CV.CV.CVC
Alhumhoras...alhumhoras...,aʎumoɾas aʎumoɾas ,V.RV.RV.RVS V.RV.RV.RVS ,V.CV.CV.CVC V.CV.CV.CVC 
Allagrá,alagɾaː,V.RV.TRV,V.CV.CCV
allagriá,alagɾiaː,V.RV.TRV.V,V.CV.CCV.V
Allagre,alagɾe,V.RV.TRV,V.CV.CCV
allagroso,alagɾozo,V.RV.TRV.SV,V.CV.CCV.CV
allegrioso,alegɾiozo,V.RV.TRV.V.SV,V.CV.CCV.V.CV
Allagria,alagɾia,V.RV.TRV.V,V.CV.CCV.V
allegri,alegɾi,V.RV.TRV,V.CV.CCV
Almári,almaːɾi,VR.RV.RV,VC.CV.CV
Almazem,almazem,VR.RV.SVR,VC.CV.CVC
Almóça,almoːsa,VR.RV.SV,VC.CV.CV
Alqumas,alkumas,VR.TV.RVS,VC.CV.CVC
Altividade,altiʋidade,VR.TV.TV.TV.TV,VC.CV.CV.CV.CV
Alumado,alumado,V.RV.RV.TV,V.CV.CV.CV
Aluminá,aluminaː,V.RV.RV.RV,V.CV.CV.CV
Alverção,alʋeɾsaːo,VR.TVR.SV.V,VC.CVC.CV.V
Alvorsà,alʋoɾsaː,VR.TVR.SV,VC.CVC.CV
alversá,alʋeɾsaː,VR.TVR.SV,VC.CVC.CV
Alvoroção,alʋoɾosaːo,VR.TV.RV.SV.V,VC.CV.CV.CV.V
alvroço,alʋɾoso,VR.TRV.SV,VC.CCV.CV
Causedor,kauzedoɾ,TVG.SV.TVR,CVG.CV.CVC
Depalmião,depalmiaːo,TV.TVR.RV.VV,CV.CVC.CV.VV
Amanhão,amaɲaːo,V.RV.RV.V,V.CV.CV.V
aminhão,amiɲaːo,V.RV.RV.V,V.CV.CV.V
amião,amiaːo,V.RV.VV,V.CV.VV
amiam,amiam,V.RV.VR,V.CV.VC
Amaroso,amaɾozo,V.RV.RV.SV,V.CV.CV.CV
ameroso,ameɾozo,V.RV.RV.SV,V.CV.CV.CV
amoro,amoɾo,V.RV.RV,V.CV.CV
Ambal,ambal,VR.TVR,VC.CVC
Améças,ameːsas,V.RV.SVS,V.CV.CVC
Amiçan,amisan,V.RV.SVR,V.CV.CVC
Amizade,amizade,V.RV.SV.TV,V.CV.CV.CV
Amos,amos,V.RVS,V.CVC
Ámper,aːmpeɾ,VR.TVR,VC.CVC
ámperámper,aːmpeɾaːmpeɾ,VR.TV.RVR.TVR,VC.CV.CVC.CVC
Ampér,ampeːɾ,VR.TVR,VC.CVC
Amportà,ampoɾtaː,VR.TVR.TV,VC.CVC.CV
Andà,andaː,VR.TV,VC.CV
andavè,andaʋeː,VR.TV.TV,VC.CV.CV
Anela,anela,V.RV.RV,V.CV.CV
Anima,anima,V.RV.RV,V.CV.CV
Anjo-chusmos,and̠ʒo t̠ʃuzmos,VR.TV TVS.RVS,VC.CV CVC.CVC
Anjo-cuidador,and̠ʒo kuidadoɾ,VR.TV TV.V.TV.TVR,VC.CV CV.V.CV.CVC
Anjo-fallas,and̠ʒo falas,VR.TV TV.RVS,VC.CV CV.CVC
Anjo-rosto,and̠ʒo ɾosto,VR.TV RVS.TV,VC.CV CVC.CV
Anjóla,and̠ʒoːla,VR.TV.RV,VC.CV.CV
Ankerà,ankeɾaː,VR.TV.RV,VC.CV.CV
ancrà,ankɾaː,VR.TRV,VC.CCV
Anno-casa,anno kaza,VR.RV TV.SV,VC.CV CV.CV
Anno-dia,anno dia,VR.RV TV.V,VC.CV CV.V
Anoute,anoute,V.RVG.TV,V.CVG.CV
Anciado,ansiado,VR.SV.V.TV,VC.CV.V.CV
Ansque,anske,VRS.TV,VCC.CV
Antiphono,antifono,VR.TV.TV.RV,VC.CV.CV.CV
Anxiamente,anʃiamente,VR.TV.V.RVR.TV,VC.CV.V.CVC.CV
Apertamento,apeɾtamento,V.TVR.TV.RVR.TV,V.CVC.CV.CVC.CV
apartamento,apaɾtamento,V.TVR.TV.RVR.TV,V.CVC.CV.CVC.CV
Apinhá,apiɲaː,V.TV.RV,V.CV.CV
Applicação,aplikasaːo,V.TRV.TV.SV.V,V.CCV.CV.CV.V
applicaçan,aplikasan,V.TRV.TV.SVR,V.CCV.CV.CVC
Approval,apɾoʋal,V.TRV.TVR,V.CCV.CVC
April,apɾil,V.TRVR,V.CCVC
Aquél,akeːl,V.TVR,V.CVC
aquelle,akele,V.TV.RV,V.CV.CV
Aquelvide,akelʋide,V.TVR.TV.TV,V.CVC.CV.CV
Arco,aɾko,VR.TV,VC.CV
Ária,aːɾia,V.RV.V,V.CV.V
Arià,aɾiaː,V.RV.V,V.CV.V
Ariba,aɾiba,V.RV.TV,V.CV.CV
Aromatizàrs,aɾomatizaːɾs,V.RV.RV.TV.SVRS,V.CV.CV.CV.CVCC
Aros,aɾos,V.RVS,V.CVC
Artaple,aɾtaple,VR.TV.TRV,VC.CV.CCV
Ártei,aːɾtei,VR.TVG,VC.CVG
Articulo,aɾtikulo,VR.TV.TV.RV,VC.CV.CV.CV
Artifiço,aɾtifiso,VR.TV.TV.SV,VC.CV.CV.CV
Artilháris,aɾtiʎaːɾis,VR.TV.RV.RVS,VC.CV.CV.CVC
Ásper,aːspeɾ,VS.TVR,VC.CVC
Asperà,aspeɾaː,VS.TV.RV,VC.CV.CV
Asperdade,aspeɾdade,VS.TVR.TV.TV,VC.CVC.CV.CV
Assi,asi,V.SV,V.CV
Assilai,asilai,V.SV.RV.V,V.CV.CV.V
assilei,asilei,V.SV.RVG,V.CV.CVG
Assitanto,asitanto,V.SV.TVR.TV,V.CV.CVC.CV
astanto,astanto,VS.TVR.TV,VC.CVC.CV
Assino,asino,V.SV.RV,V.CV.CV
Assofran,asofɾan,V.SV.TRVR,V.CV.CCVC
Assofrà,asofɾaː,V.SV.TRV,V.CV.CCV
Atà,ataː,V.TV,V.CV
Atarde,ataɾde,V.TVR.TV,V.CVC.CV
Atchà,at̠ʃaː,V.TV,V.CV
Até,ateː,V.TV,V.CV
Atramento,atɾamento,V.TRV.RVR.TV,V.CCV.CVC.CV
Atramentá,atɾamentaː,V.TRV.RVR.TV,V.CCV.CVC.CV
atrevimentá,atɾeʋimentaː,V.TRV.TV.RVR.TV,V.CCV.CV.CVC.CV
Atténcia,atːeːnsia,V.TVR.SV.V,V.CVC.CV.V
atténcè,atːeːnseː,V.TVR.SV,V.CVC.CV
Attermesan,atːeɾmezan,V.TVR.RV.SVR,V.CVC.CV.CVC
Audénci,audeːnsi,VG.TVR.SV,VG.CVC.CV
Audia,audia,VG.TV.V,VG.CV.V
Ógost,oːgost,V.TVS.T,V.CVC.C
Avantagem,aʋantad̠ʒem,V.TVR.TV.TVR,V.CVC.CV.CVC
Avelho,aʋeʎo,V.TV.RV,V.CV.CV
Avená,aʋenaː,V.TV.RV,V.CV.CV
Avoà,aʋoaː,V.TV.V,V.CV.V
Avogado,aʋogado,V.TV.TV.TV,V.CV.CV.CV
Avô-mai,aʋoː mai,V.TV RV.V,V.CV CV.V
Avô-pai,aʋoː pai,V.TV TV.V,V.CV CV.V
Azéte,azeːte,V.SV.TV,V.CV.CV
aziete,aziete,V.SV.V.TV,V.CV.V.CV
Azeitero,azeiteɾo,V.SVG.TV.RV,V.CVG.CV.CV
azietero,azieteɾo,V.SV.V.TV.RV,V.CV.V.CV.CV
Baas,bas,TVS,CVC
Bàbaro,baːbaɾo,TV.TV.RV,CV.CV.CV
Bêbi,beːbi,TV.TV,CV.CV
Baclà,baklaː,TV.TRV,CV.CCV
Baclador,bakladoɾ,TV.TRV.TVR,CV.CCV.CVC
Bacladura,bakladuɾa,TV.TRV.TV.RV,CV.CCV.CV.CV
bacaldura,bakalduɾa,TV.TVR.TV.RV,CV.CVC.CV.CV
Bafa,bafa,TV.TV,CV.CV
Bailo,bailo,TV.V.RV,CV.V.CV
Baiso,baizo,TV.V.SV,CV.V.CV
baço,baso,TV.SV,CV.CV
Bassá,basaː,TV.SV,CV.CV
Basséza,baseːza,TV.SV.SV,CV.CV.CV
Balança,balansa,TV.RVR.SV,CV.CVC.CV
Balmaçado,balmasado,TVR.RV.SV.TV,CVC.CV.CV.CV
Balmo,balmo,TVR.RV,CVC.CV
Bend,bend,TVR.T,CVC.C
Banda-dentro,banda dentɾo,TVR.TV TVR.TRV,CVC.CV CVC.CCV
Banda-fora,banda foɾa,TVR.TV TV.RV,CVC.CV CV.CV
Bandérè,bandeːɾeː,TVR.TV.RV,CVC.CV.CV
Bandeya,bandeja,TVR.TV.RV,CVC.CV.CV
Bangià,band̠ʒiaː,TVR.TV.V,CVC.CV.V
Bank,bank,TVR.T,CVC.C
Benkrut,benkɾut,TVR.TRV.T,CVC.CCV.C
Banths,bants,TVR.TS,CVC.CC
Bariga,baɾiga,TV.RV.TV,CV.CV.CV
Baro,baɾo,TV.RV,CV.CV
báru,baːɾu,TV.RV,CV.CV
Baro-casa,baɾo kaza,TV.RV TV.SV,CV.CV CV.CV
Barrato,barato,TV.RV.TV,CV.CV.CV
Barrê,bareː,TV.RV,CV.CV
Barido,baɾido,TV.RV.TV,CV.CV.CV
Bàsin,baːzin,TV.SVR,CV.CVC
Bassóra,basoːɾa,TV.SV.RV,CV.CV.CV
Bastanto,bastanto,TVS.TVR.TV,CVC.CVC.CV
Bàtica,baːtika,TV.TV.TV,CV.CV.CV
Batrai,batɾai,TV.TRV.V,CV.CCV.V
Battà,batːaː,TV.TV,CV.CV
Battalho,batːaʎo,TV.TV.RV,CV.CV.CV
Batte,batːe,TV.TV,CV.CV
Bautismo,bautizmo,TVG.TVS.RV,CVG.CVC.CV
Bautizá,bautizaː,TVG.TV.SV,CVG.CV.CV
Bautista,bautista,TVG.TVS.TV,CVG.CVC.CV
Bai,bai,TV.V,CV.V
bei,bei,TVG,CVG
Bazar,bazaɾ,TV.SVR,CV.CVC
bazaara,bazaɾa,TV.SV.RV,CV.CV.CV
Beberajo,bebeɾad̠ʒo,TV.TV.RV.TV,CV.CV.CV.CV
beberai,bebeɾai,TV.TV.RV.V,CV.CV.CV.V
Beberajochaps,bebeɾad̠ʒot̠ʃaps,TV.TV.RV.TV.TV.TS,CV.CV.CV.CV.CV.CC
Beberão,bebeɾaːo,TV.TV.RV.V,CV.CV.CV.V
babarão,babaɾaːo,TV.TV.RV.V,CV.CV.CV.V
bebrão,bebɾaːo,TV.TRV.V,CV.CCV.V
Bebera,bebeɾa,TV.TV.RV,CV.CV.CV
Béço,beːso,TV.SV,CV.CV
Bíar,biːaɾ,TV.VR,CV.VC
Bemfeito,bemfeito,TVR.TVG.TV,CVC.CVG.CV
bemfeto,bemfeto,TVR.TV.TV,CVC.CV.CV
Bemfeitos,bemfeitos,TVR.TVG.TVS,CVC.CVG.CVC
Bença,bensa,TVR.SV,CVC.CV
bencè,benseː,TVR.SV,CVC.CV
Bendição,bendisaːo,TVR.TV.SV.V,CVC.CV.CV.V
Beneficaçan,benefikasan,TV.RV.TV.TV.SVR,CV.CV.CV.CV.CVC
Benigdade,benigdade,TV.RV.T.TV.TV,CV.CV.C.CV.CV
Benzê,benzeː,TVR.SV,CVC.CV
benzà,benzaː,TVR.SV,CVC.CV
Bénza,beːnza,TVR.SV,CVC.CV
bénzè,beːnzeː,TVR.SV,CVC.CV
Berguer,beɾgeɾ,TVR.TVR,CVC.CVC
Beryl,beɾil,TV.RVR,CV.CVC
Béudo,beːudo,TV.V.TV,CV.V.CV
Beudice,beudise,TVG.TV.SV,CVG.CV.CV
Baibol,baibol,TV.V.TVR,CV.V.CVC
Baibol-nomes,baibol nomes,TV.V.TVR RV.RVS,CV.V.CVC CV.CVC
Bibora,biboɾa,TV.TV.RV,CV.CV.CV
Bijá,bid̠ʒaː,TV.TV,CV.CV
Billiard,biliaɾd,TV.RV.VR.T,CV.CV.VC.C
Billiard-cámber,biliaɾd kaːmbeɾ,TV.RV.VR.T TVR.TVR,CV.CV.VC.C CVC.CVC
Bill,bil,TVR,CVC
Bisiga,biziga,TV.SV.TV,CV.CV.CV
Bispada,bispada,TVS.TV.TV,CVC.CV.CV
Blada,blada,TRV.TV,CCV.CV
bladè,bladeː,TRV.TV,CCV.CV
Blanket,blanket,TRVR.TV.T,CCVC.CV.C
Blasphemaçan,blasfemasan,TRVS.TV.RV.SVR,CCVC.CV.CV.CVC
Blasphemoso,blasfemozo,TRVS.TV.RV.SV,CCVC.CV.CV.CV
Bõa,boːa,TV.V,CV.V
Bôt,boːt,TV.T,CV.C
Bobra,bobɾa,TV.TRV,CV.CCV
Bocadè,bokadeː,TV.TV.TV,CV.CV.CV
Bodrimo,bodɾimo,TV.TRV.RV,CV.CCV.CV
Boffetado,bofetado,TV.TV.TV.TV,CV.CV.CV.CV
Boftiá,boftiaː,TV.T.TV.V,CV.C.CV.V
buftiá,buftiaː,TV.T.TV.V,CV.C.CV.V
Boftada,boftada,TV.T.TV.TV,CV.C.CV.CV
Boltiá,boltiaː,TVR.TV.V,CVC.CV.V
Bom,bom,TVR,CVC
Bonancè,bonanseː,TV.RVR.SV,CV.CVC.CV
Bonino,bonino,TV.RV.RV,CV.CV.CV
Buts,buts,TV.TS,CV.CC
Bordè,boɾdeː,TVR.TV,CVC.CV
Bordiá,boɾdiaː,TVR.TV.V,CVC.CV.V
Borrecido,boresido,TV.RV.SV.TV,CV.CV.CV.CV
Bota,bota,TV.TV,CV.CV
Botle,botle,TV.TRV,CV.CCV
botei,botei,TV.TVG,CV.CVG
bottal,botːal,TV.TVR,CV.CVC
Bottle-vinho,botːle ʋiɲo,TV.TRV TV.RV,CV.CCV CV.CV
Boutic,boutik,TVG.TV.T,CVG.CV.C
Boutiqueiro,boutikeiɾo,TVG.TV.TVG.RV,CVG.CV.CVG.CV
Boventade,boʋentade,TV.TVR.TV.TV,CV.CVC.CV.CV
bovantade,boʋantade,TV.TVR.TV.TV,CV.CVC.CV.CV
Boventademente,boʋentademente,TV.TVR.TV.TV.RVR.TV,CV.CVC.CV.CV.CVC.CV
Bocs,boks,TV.TS,CV.CC
Branca,bɾanka,TRVR.TV,CCVC.CV
Branda,bɾanda,TRVR.TV,CCVC.CV
Brandi,bɾandi,TRVR.TV,CCVC.CV
Branquéza,bɾankeːza,TRVR.TV.SV,CCVC.CV.CV
Brao,bɾao,TRV.V,CCV.V
brau,bɾau,TRVG,CCVG
Braviá,bɾaʋiaː,TRV.TV.V,CCV.CV.V
Brazá,bɾazaː,TRV.SV,CCV.CV
Bremellio,bɾemelio,TRV.RV.RV.V,CCV.CV.CV.V
brimellio,bɾimelio,TRV.RV.RV.V,CCV.CV.CV.V
brimalho,bɾimaʎo,TRV.RV.RV,CCV.CV.CV
brimejo,bɾimed̠ʒo,TRV.RV.TV,CCV.CV.CV
Brinc'-de-fogo,bɾin k ə de fogo,TRVR T V TV TV.TV,CCVC C V CV CV.CV
Búrdar,buːɾdaɾ,TVR.TVR,CVC.CVC
Bruffà,bɾufaː,TRV.TV,CCV.CV
Bruffador,bɾufadoɾ,TRV.TV.TVR,CCV.CV.CVC
Bruffamento,bɾufamento,TRV.TV.RVR.TV,CCV.CV.CVC.CV
Bruço,bɾuso,TRV.SV,CCV.CV
Buco,buko,TV.TV,CV.CV
búku,buːku,TV.TV,CV.CV
Bunaca,bunaka,TV.RV.TV,CV.CV.CV
Bunito,bunito,TV.RV.TV,CV.CV.CV
Burà,buɾaː,TV.RV,CV.CV
Burcê,buɾseː,TVR.SV,CVC.CV
burçá,buɾsaː,TVR.SV,CVC.CV
Burdade,buɾdade,TVR.TV.TV,CVC.CV.CV
Búru,buːɾu,TV.RV,CV.CV
Busca,buska,TVS.TV,CVC.CV
Caba,kaba,TV.TV,CV.CV
cava,kaʋa,TV.TV,CV.CV
Cabai,kabai,TV.TV.V,CV.CV.V
cabaya,kabaja,TV.TV.RV,CV.CV.CV
cuobai,kuobai,TV.V.TV.V,CV.V.CV.V
Cabeça,kabesa,TV.TV.SV,CV.CV.CV
cabeçé,kabeseː,TV.TV.SV,CV.CV.CV
Cabelho,kabeʎo,TV.TV.RV,CV.CV.CV
Cabrado,kabɾado,TV.TRV.TV,CV.CCV.CV
Caçaria,kasaɾia,TV.SV.RV.V,CV.CV.CV.V
Cacada,kakada,TV.TV.TV,CV.CV.CV
Cacho,kat̠ʃo,TV.TV,CV.CV
Cachór,kat̠ʃoːɾ,TV.TVR,CV.CVC
Cachorinho,kat̠ʃoɾiɲo,TV.TV.RV.RV,CV.CV.CV.CV
Cadahora,kadaoɾa,TV.TV.V.RV,CV.CV.V.CV
cadora,kadoɾa,TV.TV.RV,CV.CV.CV
cadhor,kadoɾ,TV.TVR,CV.CVC
Cadhum,kadum,TV.TVR,CV.CVC
Cadè,kadeː,TV.TV,CV.CV
Cadéra,kadeːɾa,TV.TV.RV,CV.CV.CV
Cadia,kadia,TV.TV.V,CV.CV.V
Caflà,kaflaː,TV.TRV,CV.CCV
Caflação,kaflasaːo,TV.TRV.SV.V,CV.CCV.CV.V
Cafrana,kafɾana,TV.TRV.RV,CV.CCV.CV
Cahidas-per-traz,kaidas peɾ tɾas,TV.V.TVS TVR TRVS,CV.V.CVC CVC CCVC
Caix,kaiʃ,TV.V.T,CV.V.C
Calão,kalaːo,TV.RV.V,CV.CV.V
Càlis,kaːlis,TV.RVS,CV.CVC
Calmo,kalmo,TVR.RV,CVC.CV
Calquinha,kalkiɲa,TVR.TV.RV,CVC.CV.CV
Calsão,kalsaːo,TVR.SV.V,CVC.CV.V
Calvàri,kalʋaːɾi,TVR.TV.RV,CVC.CV.CV
Cambiador,kambiadoɾ,TVR.TV.V.TVR,CVC.CV.V.CVC
Cambra,kambɾa,TVR.TRV,CVC.CCV
cambrè,kambɾeː,TVR.TRV,CVC.CCV
càmber,kaːmbeɾ,TVR.TVR,CVC.CVC
Cambrão,kambɾaːo,TVR.TRV.V,CVC.CCV.V
Cam'rado,kaməɾado,TV.RV.RV.TV,CV.CV.CV.CV
cambrado,kambɾado,TVR.TRV.TV,CVC.CCV.CV
Campal,kampal,TVR.TVR,CVC.CVC
Can',kanə,TV.RV,CV.CV
candè,kandeː,TVR.TV,CVC.CV
Canàlhi,kanaːʎi,TV.RV.RV,CV.CV.CV
Cançàs,kansaːs,TVR.SVS,CVC.CVC
Câncer,kaːnseɾ,TVR.SVR,CVC.CVC
Candecera,kandeseɾa,TVR.TV.SV.RV,CVC.CV.CV.CV
can'cera,kanəseɾa,TV.RV.SV.RV,CV.CV.CV.CV
Candelàr,kandelaːɾ,TVR.TV.RVR,CVC.CV.CVC
candelér,kandeleːɾ,TVR.TV.RVR,CVC.CV.CVC
Cândia,kaːndia,TVR.TV.V,CVC.CV.V
Canto,kanto,TVR.TV,CVC.CV
Kep,kep,TV.T,CV.C
Capas,kapas,TV.TVS,CV.CVC
Capitel,kapitel,TV.TV.TVR,CV.CV.CVC
Captão,kaptaːo,TV.T.TV.V,CV.C.CV.V
capitano,kapitano,TV.TV.TV.RV,CV.CV.CV.CV
Caravão,kaɾaʋaːo,TV.RV.TV.V,CV.CV.CV.V
Careiro,kaɾeiɾo,TV.RVG.RV,CV.CVG.CV
cararo,kaɾaɾo,TV.RV.RV,CV.CV.CV
Cargá,kaɾgaː,TVR.TV,CVC.CV
Cargação,kaɾgasaːo,TVR.TV.SV.V,CVC.CV.CV.V
Cari,kaɾi,TV.RV,CV.CV
Caria,kaɾia,TV.RV.V,CV.CV.V
Caridavel,kaɾidaʋel,TV.RV.TV.TVR,CV.CV.CV.CVC
Caringuejo,kaɾinged̠ʒo,TV.RVR.TV.TV,CV.CVC.CV.CV
Caristia,kaɾistia,TV.RVS.TV.V,CV.CVC.CV.V
caristi,kaɾisti,TV.RVS.TV,CV.CVC.CV
carrestia,karestia,TV.RVS.TV.V,CV.CVC.CV.V
Carrete,karete,TV.RV.TV,CV.CV.CV
careta,kaɾeta,TV.RV.TV,CV.CV.CV
caretè,kaɾeteː,TV.RV.TV,CV.CV.CV
Carro,karo,TV.RV,CV.CV
Cartá,kaɾtaː,TVR.TV,CVC.CV
Carta-mesa,kaɾta meza,TVR.TV RV.SV,CVC.CV CV.CV
Cartè,kaɾteː,TVR.TV,CVC.CV
Casa-lugária,kaza lugaːɾia,TV.SV RV.TV.RV.V,CV.CV CV.CV.CV.V
Casa-porta,kaza poɾta,TV.SV TVR.TV,CV.CV CVC.CV
Casião,kaziaːo,TV.SV.VV,CV.CV.VV
Cassa,kasa,TV.SV,CV.CV
Cassão,kasaːo,TV.SV.V,CV.CV.V
Castella,kastela,TVS.TV.RV,CVC.CV.CV
castellé,kasteleː,TVS.TV.RV,CVC.CV.CV
Castigação,kastigasaːo,TVS.TV.TV.SV.V,CVC.CV.CV.CV.V
Cativeira,katiʋeiɾa,TV.TV.TVG.RV,CV.CV.CVG.CV
Catividade,katiʋidade,TV.TV.TV.TV.TV,CV.CV.CV.CV.CV
Catàrr,kataːr,TV.TVR,CV.CVC
Causo,kauzo,TVG.SV,CVG.CV
Cavador,kaʋadoɾ,TV.TV.TVR,CV.CV.CVC
Cavalheria,kaʋaʎeɾia,TV.TV.RV.RV.V,CV.CV.CV.CV.V
Cavente,kaʋente,TV.TVR.TV,CV.CVC.CV
Cavelyéro,kaʋelʲeːɾo,TV.TV.RV.RV,CV.CV.CV.CV
Cavelo,kaʋelo,TV.TV.RV,CV.CV.CV
Caverno,kaʋeɾno,TV.TVR.RV,CV.CVC.CV
Caxa,kaʃa,TV.TV,CV.CV
Cendê,sendeː,SVR.TV,CVC.CV
Cento,sento,SVR.TV,CVC.CV
centa,senta,SVR.TV,CVC.CV
Cents,sents,SVR.TS,CVC.CC
Ceremonio,seɾemonio,SV.RV.RV.RV.V,CV.CV.CV.CV.V
Certeza,seɾteza,SVR.TV.SV,CVC.CV.CV
certézè,seɾteːzeː,SVR.TV.SV,CVC.CV.CV
Chabuco,t̠ʃabuko,TV.TV.TV,CV.CV.CV
chabuca,t̠ʃabuka,TV.TV.TV,CV.CV.CV
Chalo,t̠ʃalo,TV.RV,CV.CV
Chan,t̠ʃan,TVR,CVC
Chap,t̠ʃap,TV.T,CV.C
Chápè,t̠ʃaːpeː,TV.TV,CV.CV
Chape,t̠ʃape,TV.TV,CV.CV
Chart,t̠ʃaɾt,TVR.T,CVC.C
Chela,t̠ʃela,TV.RV,CV.CV
Chéo,t̠ʃeːo,TV.V,CV.V
Chéro,t̠ʃeːɾo,TV.RV,CV.CV
chiero,t̠ʃieɾo,TV.V.RV,CV.V.CV
chiesto,t̠ʃiesto,TV.VS.TV,CV.VC.CV
chisto,t̠ʃisto,TVS.TV,CVC.CV
Chisto,t̠ʃisto,TVS.TV,CVC.CV
Chiado,t̠ʃiado,TV.V.TV,CV.V.CV
Cheadice,t̠ʃeadise,TV.V.TV.SV,CV.V.CV.CV
chediça,t̠ʃedisa,TV.TV.SV,CV.CV.CV
chidiça,t̠ʃidisa,TV.TV.SV,CV.CV.CV
chidice,t̠ʃidise,TV.TV.SV,CV.CV.CV
Chedice-lingua,t̠ʃedise lingua,TV.TV.SV RVR.TV.V,CV.CV.CV CVC.CV.V
China-patàz,t̠ʃina pataːs,TV.RV TV.TVS,CV.CV CV.CVC
Chinglà,t̠ʃinglaː,TVR.TRV,CVC.CCV
Chipi,t̠ʃipi,TV.TV,CV.CV
Chita,t̠ʃita,TV.TV,CV.CV
Chocarréa,t̠ʃokareːa,TV.TV.RV.V,CV.CV.CV.V
choqueria,t̠ʃokeɾia,TV.TV.RV.V,CV.CV.CV.V
Chomà,t̠ʃomaː,TV.RV,CV.CV
Chóma,t̠ʃoːma,TV.RV,CV.CV
Chorrà,t̠ʃoraː,TV.RV,CV.CV
churá,t̠ʃuɾaː,TV.RV,CV.CV
Chóve,t̠ʃoːʋe,TV.TV,CV.CV
Cristendade,kɾistendade,TRVS.TVR.TV.TV,CCVC.CVC.CV.CV
Cristmas,kɾistmas,TRVS.TRVS,CCVC.CCVC
Chuchadas,t̠ʃut̠ʃadas,TV.TV.TVS,CV.CV.CVC
Chuchado,t̠ʃut̠ʃado,TV.TV.TV,CV.CV.CV
Chulo,t̠ʃulo,TV.RV,CV.CV
Chumà,t̠ʃumaː,TV.RV,CV.CV
Chumaço,t̠ʃumaso,TV.RV.SV,CV.CV.CV
Chunambo,t̠ʃunambo,TV.RVR.TV,CV.CVC.CV
Chusmo,t̠ʃuzmo,TVS.RV,CVC.CV
Cinquo,sinkuo,SVR.TV.V,CVC.CV.V
cinquè,sinkeː,SVR.TV,CVC.CV
Cinquento,sinkento,SVR.TVR.TV,CVC.CVC.CV
Cintura,sintuɾa,SVR.TV.RV,CVC.CV.CV
Cinturà,sintuɾaː,SVR.TV.RV,CVC.CV.CV
Circumcisá,siɾkumsizaː,SVR.TVR.SV.SV,CVC.CVC.CV.CV
circumciá,siɾkumsiaː,SVR.TVR.SV.V,CVC.CVC.CV.V
Circumcido,siɾkumsido,SVR.TVR.SV.TV,CVC.CVC.CV.CV
Cizo,sizo,SV.SV,CV.CV
Cizomente,sizomente,SV.SV.RVR.TV,CV.CV.CVC.CV
Clar,klaɾ,TRVR,CCVC
Clarmente,klaɾmente,TRVR.RVR.TV,CCVC.CVC.CV
Cóber,koːbeɾ,TV.TVR,CV.CVC
Cobiço,kobiso,TV.TV.SV,CV.CV.CV
Kófi,koːfi,TV.TV,CV.CV
Coidá,kojdaː,TVR.TV,CVC.CV
Coidado,kojdado,TVR.TV.TV,CVC.CV.CV
Çoità,sojtaː,SVR.TV,CVC.CV
Coitado,kojtado,TVR.TV.TV,CVC.CV.CV
Colleição,koleisaːo,TV.RVG.SV.V,CV.CVG.CV.V
Color,koloɾ,TV.RVR,CV.CVC
clor,kloɾ,TRVR,CCVC
Columno,kolumno,TV.RVR.RV,CV.CVC.CV
Cóma,koːma,TV.RV,CV.CV
comè,komeː,TV.RV,CV.CV
Combersan,kombeɾsan,TVR.TVR.SVR,CVC.CVC.CVC
Começa,komesa,TV.RV.SV,CV.CV.CV
Comedi,komedi,TV.RV.TV,CV.CV.CV
comédè,komeːdeː,TV.RV.TV,CV.CV.CV
Comera,komeɾa,TV.RV.RV,CV.CV.CV
comêrè,komeːɾeː,TV.RV.RV,CV.CV.CV
comero,komeɾo,TV.RV.RV,CV.CV.CV
comeira,komeiɾa,TV.RVG.RV,CV.CVG.CV
coméria,komeːɾia,TV.RV.RV.V,CV.CV.CV.V
Comers,komeɾs,TV.RVRS,CV.CVCC
Comfortable,komfoɾtable,TVR.TVR.TV.TRV,CVC.CVC.CV.CCV
Comidá,komidaː,TV.RV.TV,CV.CV.CV
Comidação,komidasaːo,TV.RV.TV.SV.V,CV.CV.CV.CV.V
Commettá,kometːaː,TV.RV.TV,CV.CV.CV
Comménda,komeːnda,TV.RVR.TV,CV.CVC.CV
Comminhão,komiɲaːo,TV.RV.RV.V,CV.CV.CV.V
Communigá,komunigaː,TV.RV.RV.TV,CV.CV.CV.CV
Companha,kompaɲa,TVR.TV.RV,CVC.CV.CV
compinha,kompiɲa,TVR.TV.RV,CVC.CV.CV
Companhà,kompaɲaː,TVR.TV.RV,CVC.CV.CV
compinhà,kompiɲaː,TVR.TV.RV,CVC.CV.CV
Companhamen-to,kompaɲamen to,TVR.TV.RV.RVR TV,CVC.CV.CV.CVC CV
companhimento,kompaɲimento,TVR.TV.RV.RVR.TV,CVC.CV.CV.CVC.CV
compinhamento,kompiɲamento,TVR.TV.RV.RVR.TV,CVC.CV.CV.CVC.CV
Compinhador,kompiɲadoɾ,TVR.TV.RV.TVR,CVC.CV.CV.CVC
Companhério,kompaɲeːɾio,TVR.TV.RV.RV.V,CVC.CV.CV.CV.V
compinheiro,kompiɲeiɾo,TVR.TV.RVG.RV,CVC.CV.CVG.CV
Compania,kompania,TVR.TV.RV.V,CVC.CV.CV.V
Competè,kompeteː,TVR.TV.TV,CVC.CV.CV
competá,kompetaː,TVR.TV.TV,CVC.CV.CV
Complemento,komplemento,TVR.TRV.RVR.TV,CVC.CCV.CVC.CV
Compridão,kompɾidaːo,TVR.TRV.TV.V,CVC.CCV.CV.V
comperdão,kompeɾdaːo,TVR.TVR.TV.V,CVC.CVC.CV.V
compramento,kompɾamento,TVR.TRV.RVR.TV,CVC.CCV.CVC.CV
Comtodo,komtodo,TVR.TV.TV,CVC.CV.CV
Con'cé,konəseː,TV.RV.SV,CV.CV.CV
Cóncert,koːnseɾt,TVR.SVR.T,CVC.CVC.C
Concertá,konseɾtaː,TVR.SVR.TV,CVC.CVC.CV
Concérta,konseːɾta,TVR.SVR.TV,CVC.CVC.CV
Concià,konsiaː,TVR.SV.V,CVC.CV.V
Condiná,kondinaː,TVR.TV.RV,CVC.CV.CV
Condinação,kondinasaːo,TVR.TV.RV.SV.V,CVC.CV.CV.CV.V
Confessão,konfesaːo,TVR.TV.SV.V,CVC.CV.CV.V
confesso,konfeso,TVR.TV.SV,CVC.CV.CV
Confiador,konfiadoɾ,TVR.TV.V.TVR,CVC.CV.V.CVC
Confidença,konfidensa,TVR.TV.TVR.SV,CVC.CV.CVC.CV
Confina,konfina,TVR.TV.RV,CVC.CV.CV
Conforma,konfoɾma,TVR.TVR.RV,CVC.CVC.CV
Confundá,konfundaː,TVR.TVR.TV,CVC.CVC.CV
Confusado,konfuzado,TVR.TV.SV.TV,CVC.CV.CV.CV
condusadoso,konduzadozo,TVR.TV.SV.TV.SV,CVC.CV.CV.CV.CV
Consciancia,konsiansia,TVR.SV.VR.SV.V,CVC.CV.VC.CV.V
conscencia,konsensia,TVR.SVR.SV.V,CVC.CVC.CV.V
Consecrá,konsekɾaː,TVR.SV.TRV,CVC.CV.CCV
Consecração,konsekɾasaːo,TVR.SV.TRV.SV.V,CVC.CV.CCV.CV.V
Conselà,konselaː,TVR.SV.RV,CVC.CV.CV
Conselação,konselasaːo,TVR.SV.RV.SV.V,CVC.CV.CV.CV.V
consalação,konsalasaːo,TVR.SV.RV.SV.V,CVC.CV.CV.CV.V
Conselador,konseladoɾ,TVR.SV.RV.TVR,CVC.CV.CV.CVC
Conselyo,konselʲo,TVR.SV.RV,CVC.CV.CV
Conselharo,konseʎaɾo,TVR.SV.RV.RV,CVC.CV.CV.CV
conselhéro,konseʎeːɾo,TVR.SV.RV.RV,CVC.CV.CV.CV
conseleiro,konseleiɾo,TVR.SV.RVG.RV,CVC.CV.CVG.CV
Consente,konsente,TVR.SVR.TV,CVC.CVC.CV
Consequences,konsekenses,TVR.SV.TVR.SVS,CVC.CV.CVC.CVC
Consistá,konsistaː,TVR.SVS.TV,CVC.CVC.CV
Constrangà,konstɾangaː,TVRS.TRVR.TV,CVCC.CCVC.CV
Constructado,konstɾuktado,TVRS.TRV.T.TV.TV,CVCC.CCV.C.CV.CV
Consuma,konsuma,TVR.SV.RV,CVC.CV.CV
Conta-papel,konta papel,TVR.TV TV.TVR,CVC.CV CV.CVC
Contendo,kontendo,TVR.TVR.TV,CVC.CVC.CV
Contentado,kontentado,TVR.TVR.TV.TV,CVC.CVC.CV.CV
Conter,konteɾ,TVR.TVR,CVC.CVC
Contino,kontino,TVR.TV.RV,CVC.CV.CV
continual,kontinual,TVR.TV.RV.VR,CVC.CV.CV.VC
Continualmente,kontinualmente,TVR.TV.RV.VR.RVR.TV,CVC.CV.CV.VC.CVC.CV
Contradizão,kontɾadizaːo,TVR.TRV.TV.SV.V,CVC.CCV.CV.CV.V
contradiza,kontɾadiza,TVR.TRV.TV.SV,CVC.CCV.CV.CV
Contrairo,kontɾaiɾo,TVR.TRV.V.RV,CVC.CCV.V.CV
Contriá,kontɾiaː,TVR.TRV.V,CVC.CCV.V
Contriação,kontɾiasaːo,TVR.TRV.V.SV.V,CVC.CCV.V.CV.V
Conversão,konʋeɾsaːo,TVR.TVR.SV.V,CVC.CVC.CV.V
Convertà,konʋeɾtaː,TVR.TVR.TV,CVC.CVC.CV
Convertação,konʋeɾtasaːo,TVR.TVR.TV.SV.V,CVC.CVC.CV.CV.V
Convidação,konʋidasaːo,TVR.TV.TV.SV.V,CVC.CV.CV.CV.V
Convinçà,konʋinsaː,TVR.TVR.SV,CVC.CVC.CV
Copa,kopa,TV.TV,CV.CV
cope,kope,TV.TV,CV.CV
Copa-ti,kopa ti,TV.TV TV,CV.CV CV
Copra,kopɾa,TV.TRV,CV.CCV
Copy,kopi,TV.TV,CV.CV
Coragè,koɾad̠ʒeː,TV.RV.TV,CV.CV.CV
corajo,koɾad̠ʒo,TV.RV.TV,CV.CV.CV
courajo,kouɾad̠ʒo,TVG.RV.TV,CVG.CV.CV
Coragemente,koɾad̠ʒemente,TV.RV.TV.RVR.TV,CV.CV.CV.CVC.CV
Cordà,koɾdaː,TVR.TV,CVC.CV
cordià,koɾdiaː,TVR.TV.V,CVC.CV.V
Cordè,koɾdeː,TVR.TV,CVC.CV
Cores,koɾes,TV.RVS,CV.CVC
Coresmo,koɾezmo,TV.RVS.RV,CV.CVC.CV
Corovà,koɾoʋaː,TV.RV.TV,CV.CV.CV
Corovè,koɾoʋeː,TV.RV.TV,CV.CV.CV
Correctà,korektaː,TV.RV.T.TV,CV.CV.C.CV
corrigá,korigaː,TV.RV.TV,CV.CV.CV
Correição,koreisaːo,TV.RVG.SV.V,CV.CVG.CV.V
Correntè,korenteː,TV.RVR.TV,CV.CVC.CV
currento,kurento,TV.RVR.TV,CV.CVC.CV
Corruptido,koruptido,TV.RV.T.TV.TV,CV.CV.C.CV.CV
Côrto,koːɾto,TVR.TV,CVC.CV
Cósse,koːse,TV.SV,CV.CV
Cossià,kosiaː,TV.SV.V,CV.CV.V
Cossér,koseːɾ,TV.SVR,CV.CVC
Costa,kosta,TVS.TV,CVC.CV
Couraço,kouɾaso,TVG.RV.SV,CVG.CV.CV
Kôrt,koːɾt,TVR.T,CVC.C
Cóusus,koːuzus,TV.V.SVS,CV.V.CVC
cousès,kouzeːs,TVG.SVS,CVG.CVC
Cóver,koːʋeɾ,TV.TVR,CV.CVC
Covodo,koʋodo,TV.TV.TV,CV.CV.CV
covido,koʋido,TV.TV.TV,CV.CV.CV
Creditor,kɾeditoɾ,TRV.TV.TVR,CCV.CV.CVC
Crem,kɾem,TRVR,CCVC
Crescentà,kɾesentaː,TRV.SVR.TV,CCV.CVC.CV
criscentá,kɾisentaː,TRV.SVR.TV,CCV.CVC.CV
Criançè,kɾianseː,TRV.VR.SV,CCV.VC.CV
criença,kɾiensa,TRV.VR.SV,CCV.VC.CV
Criminal,kɾiminal,TRV.RV.RVR,CCV.CV.CVC
Criscé,kɾiseː,TRV.SV,CCV.CV
crisé,kɾizeː,TRV.SV,CCV.CV
Crucifigà,kɾusifigaː,TRV.SV.TV.TV,CCV.CV.CV.CV
Cruveldade,kɾuʋeldade,TRV.TVR.TV.TV,CCV.CVC.CV.CV
Cubicè,kubiseː,TV.TV.SV,CV.CV.CV
cubiço,kubiso,TV.TV.SV,CV.CV.CV
Kuda,kuda,TV.TV,CV.CV
Cuidade,kuidade,TV.V.TV.TV,CV.V.CV.CV
cuidação,kuidasaːo,TV.V.TV.SV.V,CV.V.CV.CV.V
cuidança,kuidansa,TV.V.TVR.SV,CV.V.CVC.CV
cuidancè,kuidanseː,TV.V.TVR.SV,CV.V.CVC.CV
Cuidadomente,kuidadomente,TV.V.TV.TV.RVR.TV,CV.V.CV.CV.CVC.CV
cuidademente,kuidademente,TV.V.TV.TV.RVR.TV,CV.V.CV.CV.CVC.CV
Cujéra,kud̠ʒeːɾa,TV.TV.RV,CV.CV.CV
Cale,kale,TV.RV,CV.CV
cúli,kuːli,TV.RV,CV.CV
Culpador,kulpadoɾ,TVR.TV.TVR,CVC.CV.CVC
Cum,kum,TVR,CVC
Cumaso,kumazo,TV.RV.SV,CV.CV.CV
Cum'sá,kuməsaː,TV.RV.SV,CV.CV.CV
Cupá,kupaː,TV.TV,CV.CV
Cupação,kupasaːo,TV.TV.SV.V,CV.CV.CV.V
Curá,kuɾaː,TV.RV,CV.CV
Cural,kuɾal,TV.RVR,CV.CVC
Curavè,kuɾaʋeː,TV.RV.TV,CV.CV.CV
Curtezia,kuɾtezia,TVR.TV.SV.V,CVC.CV.CV.V
Cusá,kuzaː,TV.SV,CV.CV
Cúsa,kuːza,TV.SV,CV.CV
Cúspi,kuːspi,TVS.TV,CVC.CV
cóspi,koːspi,TVS.TV,CVC.CV
Custúma,kustuːma,TVS.TV.RV,CVC.CV.CV
custumo,kustumo,TVS.TV.RV,CVC.CV.CV
Customà,kustomaː,TVS.TV.RV,CVC.CV.CV
Dace,dase,TV.SV,CV.CV
Dàlhi,daːʎi,TV.RV,CV.CV
dàlyi,daːlʲi,TV.RV,CV.CV
dàhi,daːi,TV.V,CV.V
dàji,daːd̠ʒi,TV.TV,CV.CV
Dádimo,daːdimo,TV.TV.RV,CV.CV.CV
Danà,danaː,TV.RV,CV.CV
Danação,danasaːo,TV.RV.SV.V,CV.CV.CV.V
Danaficà,danafikaː,TV.RV.TV.TV,CV.CV.CV.CV
Danaficação,danafikasaːo,TV.RV.TV.TV.SV.V,CV.CV.CV.CV.CV.V
Dandy,dandi,TVR.TV,CVC.CV
Darté,daɾteː,TVR.TV,CVC.CV
derté,deɾteː,TVR.TV,CVC.CV
Dar-tomars,daɾ tomaɾs,TVR TV.RVRS,CVC CV.CVCC
Decémber,deseːmbeɾ,TV.SVR.TVR,CV.CVC.CVC
De-ceos-visitador,de seos ʋizitadoɾ,TV SV.VS TV.SV.TV.TVR,CV CV.VC CV.CV.CV.CVC
Dè,deː,TV,CV
Dedia,dedia,TV.TV.V,CV.CV.V
Dek,dek,TV.T,CV.C
Declarão,deklaɾaːo,TV.TRV.RV.V,CV.CCV.CV.V
Deféncia,defeːnsia,TV.TVR.SV.V,CV.CVC.CV.V
defencè,defenseː,TV.TVR.SV,CV.CVC.CV
Deido,deido,TVG.TV,CVG.CV
Deixa,deiʃa,TVG.TV,CVG.CV
dessa,desa,TV.SV,CV.CV
Demóni,demoːni,TV.RV.RV,CV.CV.CV
Denheiro,deɲeiɾo,TV.RVG.RV,CV.CVG.CV
Déntor,deːntoɾ,TVR.TVR,CVC.CVC
Dentro-voz,dentɾo ʋos,TVR.TRV TVS,CVC.CCV CVC
Deos-bénza,deos beːnza,TV.VS TVR.SV,CV.VC CVC.CV
Dér,deːɾ,TVR,CVC
Deremá,deɾemaː,TV.RV.RV,CV.CV.CV
Desasparà,dezaspaɾaː,TV.SVS.TV.RV,CV.CVC.CV.CV
Descargà,deskaɾgaː,TVS.TVR.TV,CVC.CVC.CV
Desci,desi,TV.SV,CV.CV
Desclorà,deskloɾaː,TVS.TRV.RV,CVC.CCV.CV
Descompetido,deskompetido,TVS.TVR.TV.TV.TV,CVC.CVC.CV.CV.CV
Descompetidomente,deskompetidomente,TVS.TVR.TV.TV.TV.RVR.TV,CVC.CVC.CV.CV.CV.CVC.CV
Descontentado,deskontentado,TVS.TVR.TVR.TV.TV,CVC.CVC.CVC.CV.CV
Descuidação,deskuidasaːo,TVS.TV.V.TV.SV.V,CVC.CV.V.CV.CV.V
descuidancè,deskuidanseː,TVS.TV.V.TVR.SV,CVC.CV.V.CVC.CV
Deseijo,dezeid̠ʒo,TV.SVG.TV,CV.CVG.CV
deselho,dezeʎo,TV.SV.RV,CV.CV.CV
Deseijà,dezeid̠ʒaː,TV.SVG.TV,CV.CVG.CV
Desembarçan,dezembaɾsan,TV.SVR.TVR.SVR,CV.CVC.CVC.CVC
Desempàr,dezempaːɾ,TV.SVR.TVR,CV.CVC.CVC
desemp'raçáo,dezempəɾasaːo,TV.SVR.TV.RV.SV.V,CV.CVC.CV.CV.CV.V
Desempará,dezempaɾaː,TV.SVR.TV.RV,CV.CVC.CV.CV
desemprà,dezempɾaː,TV.SVR.TRV,CV.CVC.CCV
Desfamá,desfamaː,TVS.TV.RV,CVC.CV.CV
Desfazedo,desfazedo,TVS.TV.SV.TV,CVC.CV.CV.CV
desfazido,desfazido,TVS.TV.SV.TV,CVC.CV.CV.CV
Desfruitoso,desfɾuitozo,TVS.TRV.V.TV.SV,CVC.CCV.V.CV.CV
Desgardecé,dezgaɾdeseː,TVS.TVR.TV.SV,CVC.CVC.CV.CV
Desgradecimento,dezgɾadesimento,TVS.TRV.TV.SV.RVR.TV,CVC.CCV.CV.CV.CVC.CV
Desgosto-vida,dezgosto ʋida,TVS.TVS.TV TV.TV,CVC.CVC.CV CV.CV
Deshonestade,deʃonestade,TV.TV.RVS.TV.TV,CV.CV.CVC.CV.CV
Desià,deziaː,TV.SV.V,CV.CV.V
disià,diziaː,TV.SV.V,CV.CV.V
diziá,diziaː,TV.SV.V,CV.CV.V
Desio,dezio,TV.SV.V,CV.CV.V
disio,dizio,TV.SV.V,CV.CV.V
Desimportá,dezimpoɾtaː,TV.SVR.TVR.TV,CV.CVC.CVC.CV
desemportá,dezempoɾtaː,TV.SVR.TVR.TV,CV.CVC.CVC.CV
Desemportado,dezempoɾtado,TV.SVR.TVR.TV.TV,CV.CVC.CVC.CV.CV
Desemportança,dezempoɾtansa,TV.SVR.TVR.TVR.SV,CV.CVC.CVC.CVC.CV
desemportação,dezempoɾtasaːo,TV.SVR.TVR.TV.SV.V,CV.CVC.CVC.CV.CV.V
Deslimpo,dezlimpo,TVS.RVR.TV,CVC.CVC.CV
Deslimpéza,dezlimpeːza,TVS.RVR.TV.SV,CVC.CVC.CV.CV
Deslimpá,dezlimpaː,TVS.RVR.TV,CVC.CVC.CV
Desmará,dezmaɾaː,TVS.RV.RV,CVC.CV.CV
Desmasiação,dezmaziasaːo,TVS.RV.SV.V.SV.V,CVC.CV.CV.V.CV.V
Desobedencia,dezobedensia,TV.SV.TV.TVR.SV.V,CV.CV.CV.CVC.CV.V
Despadaçá,despadasaː,TVS.TV.TV.SV,CVC.CV.CV.CV
Desparança,despaɾansa,TVS.TV.RVR.SV,CVC.CV.CVC.CV
Desparecê,despaɾeseː,TVS.TV.RV.SV,CVC.CV.CV.CV
desparcé,despaɾseː,TVS.TVR.SV,CVC.CVC.CV
Disparcido,dispaɾsido,TVS.TVR.SV.TV,CVC.CVC.CV.CV
Despôde,despoːde,TVS.TV.TV,CVC.CV.CV
Despois,despojs,TVS.TVRS,CVC.CVCC
Despossessá,desposesaː,TVS.TV.SV.SV,CVC.CV.CV.CV
Desprazá,despɾazaː,TVS.TRV.SV,CVC.CCV.CV
Desprendido,despɾendido,TVS.TRVR.TV.TV,CVC.CCVC.CV.CV
Desprovà,despɾoʋaː,TVS.TRV.TV,CVC.CCV.CV
Desproveitoso,despɾoʋeitozo,TVS.TRV.TVG.TV.SV,CVC.CCV.CVG.CV.CV
Destribuá,destɾibuaː,TVS.TRV.TV.V,CVC.CCV.CV.V
Destribuação,destɾibuasaːo,TVS.TRV.TV.V.SV.V,CVC.CCV.CV.V.CV.V
destribução,destɾibusaːo,TVS.TRV.TV.SV.V,CVC.CCV.CV.CV.V
Destruvé,destɾuʋeː,TVS.TRV.TV,CVC.CCV.CV
destruivé,destɾuiʋeː,TVS.TRV.V.TV,CVC.CCV.V.CV
destruvà,destɾuʋaː,TVS.TRV.TV,CVC.CCV.CV
Destruiação,destɾuiasaːo,TVS.TRV.VV.SV.V,CVC.CCV.VV.CV.V
destruivição,destɾuiʋisaːo,TVS.TRV.V.TV.SV.V,CVC.CCV.V.CV.CV.V
destrucção,destɾuksaːo,TVS.TRV.T.SV.V,CVC.CCV.C.CV.V
Desvai,desʋai,TVS.TV.V,CVC.CV.V
Desvaloso,desʋalozo,TVS.TV.RV.SV,CVC.CV.CV.CV
Dettà,detːaː,TV.TV,CV.CV
Devida,deʋida,TV.TV.TV,CV.CV.CV
déuda,deːuda,TV.V.TV,CV.V.CV
dieudè,dieudeː,TV.VG.TV,CV.VG.CV
Devidor,deʋidoɾ,TV.TV.TVR,CV.CV.CVC
dividor,diʋidoɾ,TV.TV.TVR,CV.CV.CVC
Devotado,deʋotado,TV.TV.TV.TV,CV.CV.CV.CV
Devotamos,deʋotamos,TV.TV.TV.RVS,CV.CV.CV.CVC
Dézimo,deːzimo,TV.SV.RV,CV.CV.CV
Dézimos,deːzimos,TV.SV.RVS,CV.CV.CVC
Dezimá,dezimaː,TV.SV.RV,CV.CV.CV
Dez-mil-mil,dez mil mil,TVS RVR RVR,CVC CVC CVC
Dezoitè,dezojteː,TV.SVR.TV,CV.CVC.CV
Dia,dia,TV.V,CV.V
Diabolei,diabolei,TV.V.TV.RVG,CV.V.CV.CVG
Diamante-jubli,diamante d̠ʒubli,TV.V.RVR.TV TV.TRV,CV.V.CVC.CV CV.CCV
Diantá,diantaː,TV.VR.TV,CV.VC.CV
Diante-casa,diante kaza,TV.VR.TV TV.SV,CV.VC.CV CV.CV
Differéncia,difeɾeːnsia,TV.TV.RVR.SV.V,CV.CV.CVC.CV.V
Dinhéro,diɲeːɾo,TV.RV.RV,CV.CV.CV
Directà,diɾektaː,TV.RV.T.TV,CV.CV.C.CV
Disaccordancè,dizakoɾdanseː,TV.SV.TVR.TVR.SV,CV.CV.CVC.CVC.CV
Desapprovado,dezapɾoʋado,TV.SV.TRV.TV.TV,CV.CV.CCV.CV.CV
Discé,diseː,TV.SV,CV.CV
Discendé,disendeː,TV.SVR.TV,CV.CVC.CV
Discerto,diseɾto,TV.SVR.TV,CV.CVC.CV
Discete,disete,TV.SV.TV,CV.CV.CV
Disciplo,disiplo,TV.SV.TRV,CV.CV.CCV
Disconfiador,diskonfiadoɾ,TVS.TVR.TV.V.TVR,CVC.CVC.CV.V.CVC
Disconfiadeira,diskonfiadeiɾa,TVS.TVR.TV.V.TVG.RV,CVC.CVC.CV.V.CVG.CV
Disconsalado,diskonsalado,TVS.TVR.SV.RV.TV,CVC.CVC.CV.CV.CV
Discontentomento,diskontentomento,TVS.TVR.TVR.TV.RVR.TV,CVC.CVC.CVC.CV.CVC.CV
Disconvertido,diskonʋeɾtido,TVS.TVR.TVR.TV.TV,CVC.CVC.CVC.CV.CV
Discourtezia,diskouɾtezia,TVS.TVGR.TV.SV.V,CVC.CVGC.CV.CV.V
Disemperado,dizempeɾado,TV.SVR.TV.RV.TV,CV.CVC.CV.CV.CV
Disfayeção,disfajesaːo,TVS.TV.RV.SV.V,CVC.CV.CV.CV.V
Disfiel,disfiel,TVS.TV.VR,CVC.CV.VC
disfieldado,disfieldado,TVS.TV.VR.TV.TV,CVC.CV.VC.CV.CV
Disfielmente,disfielmente,TVS.TV.VR.RVR.TV,CVC.CV.VC.CVC.CV
Disfieldade,disfieldade,TVS.TV.VR.TV.TV,CVC.CV.VC.CV.CV
Disgerado,dizd̠ʒeɾado,TVS.TV.RV.TV,CVC.CV.CV.CV
Disgosto,dizgosto,TVS.TVS.TV,CVC.CVC.CV
Dish,diʃ,TV.T,CV.C
Dishonorá,diʃonoɾaː,TV.TV.RV.RV,CV.CV.CV.CV
Dishonrável,diʃonɾaːʋel,TV.TVR.RV.TVR,CV.CVC.CV.CVC
Dislevedado,dizleʋedado,TVS.RV.TV.TV.TV,CVC.CV.CV.CV.CV
Dismercé,dizmeɾseː,TVS.RVR.SV,CVC.CVC.CV
Dismercimento,dizmeɾsimento,TVS.RVR.SV.RVR.TV,CVC.CVC.CV.CVC.CV
Dismissão,dizmisaːo,TVS.RV.SV.V,CVC.CV.CV.V
Dismuê,dizmueː,TVS.RV.V,CVC.CV.V
Desobdecimento,dezobdesimento,TV.SV.T.TV.SV.RVR.TV,CV.CV.C.CV.CV.CVC.CV
Disobedecido,dizobedesido,TV.SV.TV.TV.SV.TV,CV.CV.CV.CV.CV.CV
Disperdiçà,dispeɾdisaː,TVS.TVR.TV.SV,CVC.CVC.CV.CV
Dispidê,dispideː,TVS.TV.TV,CVC.CV.CV
Dispôs,dispoːs,TVS.TVS,CVC.CVC
Disprazeiro,dispɾazeiɾo,TVS.TRV.SVG.RV,CVC.CCV.CVG.CV
Disputação,disputasaːo,TVS.TV.TV.SV.V,CVC.CV.CV.CV.V
Disregulado,dizɾegulado,TVS.RV.TV.RV.TV,CVC.CV.CV.CV.CV
Disrepartido,dizɾepaɾtido,TVS.RV.TVR.TV.TV,CVC.CV.CVC.CV.CV
Disrezoado,dizɾezoado,TVS.RV.SV.V.TV,CVC.CV.CV.V.CV
Dissilim,disilim,TV.SV.RVR,CV.CV.CVC
Dissaude,disaude,TV.SVG.TV,CV.CVG.CV
Distrançà,distɾansaː,TVS.TRVR.SV,CVC.CCVC.CV
Distrançador,distɾansadoɾ,TVS.TRVR.SV.TVR,CVC.CCVC.CV.CVC
Distranço,distɾanso,TVS.TRVR.SV,CVC.CCVC.CV
Distresso,distɾeso,TVS.TRV.SV,CVC.CCV.CV
Disvalia,disʋalia,TVS.TV.RV.V,CVC.CV.CV.V
Disvalià,disʋaliaː,TVS.TV.RV.V,CVC.CV.CV.V
Disvalioso,disʋaliozo,TVS.TV.RV.V.SV,CVC.CV.CV.V.CV
Dito,dito,TV.TV,CV.CV
Divinidade,diʋinidade,TV.TV.RV.TV.TV,CV.CV.CV.CV.CV
Divudo,diʋudo,TV.TV.TV,CV.CV.CV
Dizido,dizido,TV.SV.TV,CV.CV.CV
Docéro,doseːɾo,TV.SV.RV,CV.CV.CV
Dóctor,doːktoɾ,TV.T.TVR,CV.C.CVC
Dódo,doːdo,TV.TV,CV.CV
Dodice,dodise,TV.TV.SV,CV.CV.CV
doudiça,doudisa,TVG.TV.SV,CVG.CV.CV
dodiço,dodiso,TV.TV.SV,CV.CV.CV
Dodado,dodado,TV.TV.TV,CV.CV.CV
Doençá,doensaː,TV.VR.SV,CV.VC.CV
Dolôr,doloːɾ,TV.RVR,CV.CVC
Dominião,dominiaːo,TV.RV.RV.VV,CV.CV.CV.VV
Dor-quebrado,doɾ kebɾado,TVR TV.TRV.TV,CVC CV.CCV.CV
Dós,doːs,TVS,CVC
dous,dous,TVGS,CVGC
Dous-dobrado,dous dobɾado,TVGS TV.TRV.TV,CVGC CV.CCV.CV
Doutrino,doutɾino,TVG.TRV.RV,CVG.CCV.CV
Doutro,doutɾo,TVG.TRV,CVG.CCV
Dovencè,doʋenseː,TV.TVR.SV,CV.CVC.CV
Dó-vestido,doː ʋestido,TV TVS.TV.TV,CV CVC.CV.CV
Dozeiro,dozeiɾo,TV.SVG.RV,CV.CVG.CV
douzeiro,douzeiɾo,TVG.SVG.RV,CVG.CVG.CV
Dózimo,doːzimo,TV.SV.RV,CV.CV.CV
Drek,dɾek,TRV.T,CCV.C
Dréker,dɾeːkeɾ,TRV.TVR,CCV.CVC
Dreito,dɾeito,TRVG.TV,CCVG.CV
dreto,dɾeto,TRV.TV,CCV.CV
Dromi,dɾomi,TRV.RV,CCV.CV
dromé,dɾomeː,TRV.RV,CCV.CV
drumé,dɾumeː,TRV.RV,CCV.CV
Dromiçá,dɾomisaː,TRV.RV.SV,CCV.CV.CV
Dromiçá,dɾomisaː,TRV.RV.SV,CCV.CV.CV
Drop,dɾop,TRV.T,CCV.C
Dúcats,duːkats,TV.TV.TS,CV.CV.CC
Dúki,duːki,TV.TV,CV.CV
Dukesè,dukezeː,TV.TV.SV,CV.CV.CV
Durança,duɾansa,TV.RVR.SV,CV.CVC.CV
Duvidade,duʋidade,TV.TV.TV.TV,CV.CV.CV.CV
duvidança,duʋidansa,TV.TV.TVR.SV,CV.CV.CVC.CV
Duvidando,duʋidando,TV.TV.TVR.TV,CV.CV.CVC.CV
Earnestè,eaɾnesteː,V.VR.RVS.TV,V.VC.CVC.CV
Eamestemente,eamestemente,V.V.RVS.TV.RVR.TV,V.V.CVC.CV.CVC.CV
Earnestidade,eaɾnestidade,V.VR.RVS.TV.TV.TV,V.VC.CVC.CV.CV.CV
Egualação,egualasaːo,V.TV.V.RV.SV.V,V.CV.V.CV.CV.V
Egualado,egualado,V.TV.V.RV.TV,V.CV.V.CV.CV
Egualadomente,egualadomente,V.TV.V.RV.TV.RVR.TV,V.CV.V.CV.CV.CVC.CV
Ementà,ementaː,V.RVR.TV,V.CVC.CV
Emendador,emendadoɾ,V.RVR.TV.TVR,V.CVC.CV.CVC
Emperador,empeɾadoɾ,VR.TV.RV.TVR,VC.CV.CV.CVC
emperdor,empeɾdoɾ,VR.TVR.TVR,VC.CVC.CVC
Empressado,empɾesado,VR.TRV.SV.TV,VC.CCV.CV.CV
Encenso,ensenso,VR.SVR.SV,VC.CVC.CV
Encircà,ensiɾkaː,VR.SVR.TV,VC.CVC.CV
Encontração,enkontɾasaːo,VR.TVR.TRV.SV.V,VC.CVC.CCV.CV.V
Enculcá,enkulkaː,VR.TVR.TV,VC.CVC.CV
Enculcação,enkulkasaːo,VR.TVR.TV.SV.V,VC.CVC.CV.CV.V
Enfante,enfante,VR.TVR.TV,VC.CVC.CV
Enferno,enfeɾno,VR.TVR.RV,VC.CVC.CV
Engeità,end̠ʒeitaː,VR.TVG.TV,VC.CVG.CV
Englanterra,englantera,VR.TRVR.TV.RV,VC.CCVC.CV.CV
Engrato,engɾato,VR.TRV.TV,VC.CCV.CV
Enguento,engento,VR.TVR.TV,VC.CVC.CV
Enimigo,enimigo,V.RV.RV.TV,V.CV.CV.CV
enimingo,enimingo,V.RV.RVR.TV,V.CV.CVC.CV
enemingo,enemingo,V.RV.RVR.TV,V.CV.CVC.CV
Enjoelho,end̠ʒoeʎo,VR.TV.V.RV,VC.CV.V.CV
Enjoelhá,end̠ʒoeʎaː,VR.TV.V.RV,VC.CV.V.CV
Enjusticia,end̠ʒustisia,VR.TVS.TV.SV.V,VC.CVC.CV.CV.V
Enluminá,enluminaː,VR.RV.RV.RV,VC.CV.CV.CV
enlumiá,enlumiaː,VR.RV.RV.V,VC.CV.CV.V
Enrodiá,enɾodiaː,VR.RV.TV.V,VC.CV.CV.V
Ensinador,ensinadoɾ,VR.SV.RV.TVR,VC.CV.CV.CVC
Ensombrado,ensombɾado,VR.SVR.TRV.TV,VC.CVC.CCV.CV
Enteiro,enteiɾo,VR.TVG.RV,VC.CVG.CV
Enténcia,enteːnsia,VR.TVR.SV.V,VC.CVC.CV.V
Envéja,enʋeːd̠ʒa,VR.TV.TV,VC.CV.CV
envejè,enʋed̠ʒeː,VR.TV.TV,VC.CV.CV
envéjo,enʋeːd̠ʒo,VR.TV.TV,VC.CV.CV
enveijo,enʋeid̠ʒo,VR.TVG.TV,VC.CVG.CV
Envisté,enʋisteː,VR.TVS.TV,VC.CVC.CV
Erdávè,eɾdaːʋeː,VR.TV.TV,VC.CV.CV
Erdéro,eɾdeːɾo,VR.TV.RV,VC.CV.CV
Eropa,eɾopa,V.RV.TV,V.CV.CV
Escola-mestre,eskola mestɾe,VS.TV.RV RVS.TRV,VC.CV.CV CVC.CCV
Esfriado,esfɾiado,VS.TRV.V.TV,VC.CCV.V.CV
Esperdiçá,espeɾdisaː,VS.TVR.TV.SV,VC.CVC.CV.CV
esperdicé,espeɾdiseː,VS.TVR.TV.SV,VC.CVC.CV.CV
esperdeçá,espeɾdesaː,VS.TVR.TV.SV,VC.CVC.CV.CV
esperdecê,espeɾdeseː,VS.TVR.TV.SV,VC.CVC.CV.CV
Esperdição,espeɾdisaːo,VS.TVR.TV.SV.V,VC.CVC.CV.CV.V
Esperta,espeɾta,VS.TVR.TV,VC.CVC.CV
espertel,espeɾtel,VS.TVR.TVR,VC.CVC.CVC
Este,este,VS.TV,VC.CV
Estelei,estelei,VS.TV.RVG,VC.CV.CVG
Estopo,estopo,VS.TV.TV,VC.CV.CV
Etiqua,etikua,V.TV.TV.V,V.CV.CV.V
Fábre,faːbɾe,TV.TRV,CV.CCV
Faça,fasa,TV.SV,CV.CV
Faê,faeː,TV.V,CV.V
Fallà,falaː,TV.RV,CV.CV
Fallars,falaɾs,TV.RVRS,CV.CVCC
Falsento,falsento,TVR.SVR.TV,CVC.CVC.CV
Falsodade,falsodade,TVR.SV.TV.TV,CVC.CV.CV.CV
Faltança,faltansa,TVR.TVR.SV,CVC.CVC.CV
Famado,famado,TV.RV.TV,CV.CV.CV
Fámea,faːmea,TV.RV.V,CV.CV.V
Familha,famiʎa,TV.RV.RV,CV.CV.CV
familyè,familʲeː,TV.RV.RV,CV.CV.CV
Familha-oração,famiʎa oɾasaːo,TV.RV.RV V.RV.SV.V,CV.CV.CV V.CV.CV.V
Familhado,famiʎado,TV.RV.RV.TV,CV.CV.CV.CV
Faz,fas,TVS,CVC
Féxon,feːʃon,TV.TVR,CV.CVC
Favorà,faʋoɾaː,TV.TV.RV,CV.CV.CV
Favorado,faʋoɾado,TV.TV.RV.TV,CV.CV.CV.CV
Favoroso,faʋoɾozo,TV.TV.RV.SV,CV.CV.CV.CV
Favorosomente,faʋoɾozomente,TV.TV.RV.SV.RVR.TV,CV.CV.CV.CV.CVC.CV
Favour,faʋouɾ,TV.TVGR,CV.CVGC
Fàze,faːze,TV.SV,CV.CV
Fazedo,fazedo,TV.SV.TV,CV.CV.CV
fazido,fazido,TV.SV.TV,CV.CV.CV
Fazendo,fazendo,TV.SVR.TV,CV.CVC.CV
Fébruari,feːbɾuaɾi,TV.TRV.V.RV,CV.CCV.V.CV
Fee,fee,TV.V,CV.V
Feirréro,feireːɾo,TVG.RV.RV,CVG.CV.CV
Felizamente,felizamente,TV.RV.SV.RVR.TV,CV.CV.CV.CVC.CV
Felizidade,felizidade,TV.RV.SV.TV.TV,CV.CV.CV.CV.CV
Femè,femeː,TV.RV,CV.CV
Féo,feːo,TV.V,CV.V
feu,feu,TVG,CVG
Feudade,feudade,TVG.TV.TV,CVG.CV.CV
Ferão,feɾaːo,TV.RV.V,CV.CV.V
Ferido,feɾido,TV.RV.TV,CV.CV.CV
Fero,feɾo,TV.RV,CV.CV
Ferraro,feraɾo,TV.RV.RV,CV.CV.CV
Fessão,fesaːo,TV.SV.V,CV.CV.V
Festè,festeː,TVS.TV,CVC.CV
Festià,festiaː,TVS.TV.V,CVC.CV.V
Feticeria,fetiseɾia,TV.TV.SV.RV.V,CV.CV.CV.CV.V
Fetiço,fetiso,TV.TV.SV,CV.CV.CV
Feticéro,fetiseːɾo,TV.TV.SV.RV,CV.CV.CV.CV
Feto,feto,TV.TV,CV.CV
Fiado,fiado,TV.V.TV,CV.V.CV
Fial,fial,TV.VR,CV.VC
Ficà,fikaː,TV.TV,CV.CV
Fichà,fit̠ʃaː,TV.TV,CV.CV
Ficticioso,fiktisiozo,TV.T.TV.SV.V.SV,CV.C.CV.CV.V.CV
Fieldade,fieldade,TV.VR.TV.TV,CV.VC.CV.CV
Fifesfifies,fifesfifies,TV.TVS.TV.TV.VS,CV.CVC.CV.CV.VC
féfes,feːfes,TV.TVS,CV.CVC
fifeis,fifeis,TV.TVGS,CV.CVGC
fifi,fifi,TV.TV,CV.CV
Figas,figas,TV.TVS,CV.CVC
Figo,figo,TV.TV,CV.CV
Filho-de-moça,fiʎo de mosa,TV.RV TV RV.SV,CV.CV CV CV.CV
Filyo,filʲo,TV.RV,CV.CV
Firmemento,fiɾmemento,TVR.RV.RVR.TV,CVC.CV.CVC.CV
Firmidade,fiɾmidade,TVR.RV.TV.TV,CVC.CV.CV.CV
Fisgà,fizgaː,TVS.TV,CVC.CV
Fitchá,fit̠ʃaː,TV.TV,CV.CV
Fitè,fiteː,TV.TV,CV.CV
Flamma,flama,TRV.RV,CCV.CV
Flau,flau,TRVG,CCVG
Flek,flek,TRV.T,CCV.C
Floricé,floɾiseː,TRV.RV.SV,CCV.CV.CV
Floricemento,floɾisemento,TRV.RV.SV.RVR.TV,CCV.CV.CV.CVC.CV
Fogà,fogaː,TV.TV,CV.CV
Fólga,foːlga,TVR.TV,CVC.CV
Folgação,folgasaːo,TVR.TV.SV.V,CVC.CV.CV.V
Folho,foʎo,TV.RV,CV.CV
Folmac,folmak,TVR.RV.T,CVC.CV.C
Fome,fome,TV.RV,CV.CV
Fonte-crystal,fonte kɾistal,TVR.TV TRVS.TVR,CVC.CV CCVC.CVC
Fontena,fontena,TVR.TV.RV,CVC.CV.CV
Força,foɾsa,TVR.SV,CVC.CV
forcè,foɾseː,TVR.SV,CVC.CV
Forçamente,foɾsamente,TVR.SV.RVR.TV,CVC.CV.CVC.CV
forçadomente,foɾsadomente,TVR.SV.TV.RVR.TV,CVC.CV.CV.CVC.CV
Fordè,foɾdeː,TVR.TV,CVC.CV
fórda,foːɾda,TVR.TV,CVC.CV
Fordaque,foɾdake,TVR.TV.TV,CVC.CV.CV
Forde-sintido,foɾde sintido,TVR.TV SVR.TV.TV,CVC.CV CVC.CV.CV
Fórea,foːɾea,TV.RV.V,CV.CV.V
fória,foːɾia,TV.RV.V,CV.CV.V
Fornè,foɾneː,TVR.RV,CVC.CV
Forrè,foreː,TV.RV,CV.CV
Fortelezè,foɾtelezeː,TVR.TV.RV.SV,CVC.CV.CV.CV
fortéza,foɾteːza,TVR.TV.SV,CVC.CV.CV
Fortificação,foɾtifikasaːo,TVR.TV.TV.TV.SV.V,CVC.CV.CV.CV.CV.V
Fraqueza,fɾakeza,TRV.TV.SV,CCV.CV.CV
Frechador,fɾet̠ʃadoɾ,TRV.TV.TVR,CCV.CV.CVC
Fremoso,fɾemozo,TRV.RV.SV,CCV.CV.CV
Fremosura,fɾemozuɾa,TRV.RV.SV.RV,CCV.CV.CV.CV
fremesura,fɾemezuɾa,TRV.RV.SV.RV,CCV.CV.CV.CV
fremesora,fɾemezoɾa,TRV.RV.SV.RV,CCV.CV.CV.CV
fremasora,fɾemazoɾa,TRV.RV.SV.RV,CCV.CV.CV.CV
Frés,fɾeːs,TRVS,CCVC
frez,fɾes,TRVS,CCVC
Frieudade,fɾieudade,TRV.VG.TV.TV,CCV.VG.CV.CV
Friu,fɾiu,TRV.V,CCV.V
Frominga,fɾominga,TRV.RVR.TV,CCV.CVC.CV
fruminga,fɾuminga,TRV.RVR.TV,CCV.CVC.CV
Fronte,fɾonte,TRVR.TV,CCVC.CV
Frosteiro,fɾosteiɾo,TRVS.TVG.RV,CCVC.CVG.CV
frostéro,fɾosteːɾo,TRVS.TV.RV,CCVC.CV.CV
Frúita,fɾuːjta,TRVR.TV,CCVC.CV
Frúito,fɾuːjto,TRVR.TV,CCVC.CV
Fruitoso,fɾuitozo,TRV.V.TV.SV,CCV.V.CV.CV
Frutofeira,fɾutofeiɾa,TRV.TV.TVG.RV,CCV.CV.CVG.CV
Fugà,fugaː,TV.TV,CV.CV
Fugé,fud̠ʒeː,TV.TV,CV.CV
Fula,fula,TV.RV,CV.CV
fulè,fuleː,TV.RV,CV.CV
Fuma,fuma,TV.RV,CV.CV
Fundà,fundaː,TVR.TV,CVC.CV
Fundemento,fundemento,TVR.TV.RVR.TV,CVC.CV.CVC.CV
Fundéza,fundeːza,TVR.TV.SV,CVC.CV.CV
fundura,funduɾa,TVR.TV.RV,CVC.CV.CV
Furtador,fuɾtadoɾ,TVR.TV.TVR,CVC.CV.CVC
Furtéza,fuɾteːza,TVR.TV.SV,CVC.CV.CV
Furugè,fuɾud̠ʒeː,TV.RV.TV,CV.CV.CV
furuja,fuɾud̠ʒa,TV.RV.TV,CV.CV.CV
Furrugento,furud̠ʒento,TV.RV.TVR.TV,CV.CV.CVC.CV
Gafinhoto,gafiɲoto,TV.TV.RV.TV,CV.CV.CV.CV
Gafo,gafo,TV.TV,CV.CV
Gagueação,gageasaːo,TV.TV.V.SV.V,CV.CV.V.CV.V
Gáilo,gaːjlo,TVR.RV,CVC.CV
Gajo,gad̠ʒo,TV.TV,CV.CV
ganyo,ganʲo,TV.RV,CV.CV
Ganyà,ganʲaː,TV.RV,CV.CV
Galyardè,galʲaɾdeː,TV.RVR.TV,CV.CVC.CV
Gamela,gamela,TV.RV.RV,CV.CV.CV
Gardá,gaɾdaː,TVR.TV,CVC.CV
Gardamento,gaɾdamento,TVR.TV.RVR.TV,CVC.CV.CVC.CV
Gardecé,gaɾdeseː,TVR.TV.SV,CVC.CV.CV
gardicê,gaɾdiseː,TVR.TV.SV,CVC.CV.CV
guardicé,guaɾdiseː,TV.VR.TV.SV,CV.VC.CV.CV
Gardecimento,gaɾdesimento,TVR.TV.SV.RVR.TV,CVC.CV.CV.CVC.CV
gardicemento,gaɾdisemento,TVR.TV.SV.RVR.TV,CVC.CV.CV.CVC.CV
gardiamento,gaɾdiamento,TVR.TV.V.RVR.TV,CVC.CV.V.CVC.CV
Gardicidomente,gaɾdisidomente,TVR.TV.SV.TV.RVR.TV,CVC.CV.CV.CV.CVC.CV
Gavà,gaʋaː,TV.TV,CV.CV
gová,goʋaː,TV.TV,CV.CV
Gavação,gaʋasaːo,TV.TV.SV.V,CV.CV.CV.V
Gaytarios,gajtaɾios,TVR.TV.RV.VS,CVC.CV.CV.VC
Gazià,gaziaː,TV.SV.V,CV.CV.V
Gaziação,gaziasaːo,TV.SV.V.SV.V,CV.CV.V.CV.V
Gemedores,d̠ʒemedoɾes,TV.RV.TV.RVS,CV.CV.CV.CVC
Gemeduras,d̠ʒemeduɾas,TV.RV.TV.RVS,CV.CV.CV.CVC
Generà,d̠ʒeneɾaː,TV.RV.RV,CV.CV.CV
Generalmente,d̠ʒeneɾalmente,TV.RV.RVR.RVR.TV,CV.CV.CVC.CVC.CV
Gentigo,d̠ʒentigo,TVR.TV.TV,CVC.CV.CV
Geresan,d̠ʒeɾezan,TV.RV.SVR,CV.CV.CVC
Glass,glas,TRVS,CCVC
Gloriação,gloɾiasaːo,TRV.RV.V.SV.V,CCV.CV.V.CV.V
Goldice,goldise,TVR.TV.SV,CVC.CV.CV
goldiça,goldisa,TVR.TV.SV,CVC.CV.CV
Goldiçà,goldisaː,TVR.TV.SV,CVC.CV.CV
Gotiá,gotiaː,TV.TV.V,CV.CV.V
Gourdo,gouɾdo,TVGR.TV,CVGC.CV
Govemamento,goʋemamento,TV.TV.RV.RVR.TV,CV.CV.CV.CVC.CV
Governo,goʋeɾno,TV.TVR.RV,CV.CVC.CV
Gaun,gaun,TVGR,CVGC
Gracè,gɾaseː,TRV.SV,CCV.CV
grácia,gɾaːsia,TRV.SV.V,CCV.CV.V
Grado,gɾado,TRV.TV,CCV.CV
Grammar,gɾamaɾ,TRV.RVR,CCV.CVC
Gran,gɾan,TRVR,CCVC
Grande,gɾande,TRVR.TV,CCVC.CV
Grandes,gɾandes,TRVR.TVS,CCVC.CVC
Grandomente,gɾandomente,TRVR.TV.RVR.TV,CCVC.CV.CVC.CV
grandamente,gɾandamente,TRVR.TV.RVR.TV,CCVC.CV.CVC.CV
Grandézè,gɾandeːzeː,TRVR.TV.SV,CCVC.CV.CV
grandura,gɾanduɾa,TRVR.TV.RV,CCVC.CV.CV
grandurè,gɾanduɾeː,TRVR.TV.RV,CCVC.CV.CV
Greja,gɾed̠ʒa,TRV.TV,CCV.CV
Grijo,gɾid̠ʒo,TRV.TV,CCV.CV
Grik,gɾik,TRV.T,CCV.C
Grog,gɾog,TRV.T,CCV.C
Gubernador,gubeɾnadoɾ,TV.TVR.RV.TVR,CV.CVC.CV.CVC
Gudão,gudaːo,TV.TV.V,CV.CV.V
Guerrè,gereː,TV.RV,CV.CV
Guerrà,geraː,TV.RV,CV.CV
Guerrador,geradoɾ,TV.RV.TVR,CV.CV.CVC
Guerrioso,geriozo,TV.RV.V.SV,CV.CV.V.CV
Hanscun,anskun,VRS.TVR,VCC.CVC
Harpo,aɾpo,VR.TV,VC.CV
Hénder,eːndeɾ,VR.TVR,VC.CVC
Herdança,eɾdansa,VR.TVR.SV,VC.CVC.CV
Heregia,eɾed̠ʒia,V.RV.TV.V,V.CV.CV.V
herecia,eɾesia,V.RV.SV.V,V.CV.CV.V
Herético,eɾeːtiko,V.RV.TV.TV,V.CV.CV.CV
heréjo,eɾeːd̠ʒo,V.RV.TV,V.CV.CV
Heridá,eɾidaː,V.RV.TV,V.CV.CV
Histórè,istoːɾeː,VS.TV.RV,VC.CV.CV
Hojo,od̠ʒo,V.TV,V.CV
hôjoe,oːd̠ʒoe,V.TV.V,V.CV.V
Hómbra,oːmbɾa,VR.TRV,VC.CCV
Home,ome,V.RV,V.CV
homi,omi,V.RV,V.CV
Homicido,omisido,V.RV.SV.TV,V.CV.CV.CV
Honeste,oneste,V.RVS.TV,V.CVC.CV
Honestemente,onestemente,V.RVS.TV.RVR.TV,V.CVC.CV.CVC.CV
Honourado,onouɾado,V.RVG.RV.TV,V.CVG.CV.CV
honerado,oneɾado,V.RV.RV.TV,V.CV.CV.CV
Honoravel,onoɾaʋel,V.RV.RV.TVR,V.CV.CV.CVC
Hortè,oɾteː,VR.TV,VC.CV
Hortalão,oɾtalaːo,VR.TV.RV.V,VC.CV.CV.V
hortolão,oɾtolaːo,VR.TV.RV.V,VC.CV.CV.V
Huã,uaː,V.V,V.V
Húmè,uːmeː,V.RV,V.CV
Humildo,umildo,V.RVR.TV,V.CVC.CV
Humildeza,umildeza,V.RVR.TV.SV,V.CVC.CV.CV
Humiliação,umiliasaːo,V.RV.RV.V.SV.V,V.CV.CV.V.CV.V
Hypocritico,jpokɾitiko,R.TV.TRV.TV.TV,C.CV.CCV.CV.CV
Aiç,ais,V.VS,V.VC
Idade,idade,V.TV.TV,V.CV.CV
Idóla,idoːla,V.TV.RV,V.CV.CV
Idolateiro,idolateiɾo,V.TV.RV.TVG.RV,V.CV.CV.CVG.CV
idoloteiro,idoloteiɾo,V.TV.RV.TVG.RV,V.CV.CV.CVG.CV
Ilharga-ferido,iʎaɾga feɾido,V.RVR.TV TV.RV.TV,V.CVC.CV CV.CV.CV
Ilya,ilʲa,V.RV,V.CV
Ilyarga,ilʲaɾga,V.RVR.TV,V.CVC.CV
Imajo,imad̠ʒo,V.RV.TV,V.CV.CV
Immudança,imudansa,V.RV.TVR.SV,V.CV.CVC.CV
Impioso,impiozo,VR.TV.V.SV,VC.CV.V.CV
Importado,impoɾtado,VR.TVR.TV.TV,VC.CVC.CV.CV
Importança,impoɾtansa,VR.TVR.TVR.SV,VC.CVC.CVC.CV
Importadomente,impoɾtadomente,VR.TVR.TV.TV.RVR.TV,VC.CVC.CV.CV.CVC.CV
Impressà,impɾesaː,VR.TRV.SV,VC.CCV.CV
Impressado,impɾesado,VR.TRV.SV.TV,VC.CCV.CV.CV
Impressador,impɾesadoɾ,VR.TRV.SV.TVR,VC.CCV.CV.CVC
Impuridade,impuɾidade,VR.TV.RV.TV.TV,VC.CV.CV.CV.CV
Incensà,insensaː,VR.SVR.SV,VC.CVC.CV
Incenseiro,insenseiɾo,VR.SVR.SVG.RV,VC.CVC.CVG.CV
incenséro,insenseːɾo,VR.SVR.SV.RV,VC.CVC.CV.CV
Incredivel,inkɾediʋel,VR.TRV.TV.TVR,VC.CCV.CV.CVC
Indè,indeː,VR.TV,VC.CV
Indulgéncè,induld̠ʒeːnseː,VR.TVR.TVR.SV,VC.CVC.CVC.CV
Ingratidade,ingɾatidade,VR.TRV.TV.TV.TV,VC.CCV.CV.CV.CV
Inimingo,inimingo,V.RV.RVR.TV,V.CV.CVC.CV
inemingo,inemingo,V.RV.RVR.TV,V.CV.CVC.CV
Inexpressavel,ineʃpɾesaʋel,V.RV.T.TRV.SV.TVR,V.CV.C.CCV.CV.CVC
Infruitoso,infɾuitozo,VR.TRV.V.TV.SV,VC.CCV.V.CV.CV
Ingres,ingɾes,VR.TRVS,VC.CCVC
Inimizade,inimizade,V.RV.RV.SV.TV,V.CV.CV.CV.CV
Injoelho,ind̠ʒoeʎo,VR.TV.V.RV,VC.CV.V.CV
injivelho,ind̠ʒiʋeʎo,VR.TV.TV.RV,VC.CV.CV.CV
injevejo,ind̠ʒeʋed̠ʒo,VR.TV.TV.TV,VC.CV.CV.CV
injivejo,ind̠ʒiʋed̠ʒo,VR.TV.TV.TV,VC.CV.CV.CV
Insincero,insinseɾo,VR.SVR.SV.RV,VC.CVC.CV.CV
Institutà,institutaː,VRS.TV.TV.TV,VCC.CV.CV.CV
Instruição,instɾuisaːo,VRS.TRV.V.SV.V,VCC.CCV.V.CV.V
Inténcia,inteːnsia,VR.TVR.SV.V,VC.CVC.CV.V
inténci,inteːnsi,VR.TVR.SV,VC.CVC.CV
Intercessà,inteɾsesaː,VR.TVR.SV.SV,VC.CVC.CV.CV
Intergridade,inteɾgɾidade,VR.TVR.TRV.TV.TV,VC.CVC.CCV.CV.CV
Internal,inteɾnal,VR.TVR.RVR,VC.CVC.CVC
Intrudição,intɾudisaːo,VR.TRV.TV.SV.V,VC.CCV.CV.CV.V
Inveijo,inʋeid̠ʒo,VR.TVG.TV,VC.CVG.CV
Iremão,iɾemaːo,V.RV.RV.V,V.CV.CV.V
Irès,iɾeːs,V.RVS,V.CVC
Irmana,iɾmana,VR.RV.RV,VC.CV.CV
Iscóchi,iskoːt̠ʃi,VS.TV.TV,VC.CV.CV
Ispirito,ispiɾito,VS.TV.RV.TV,VC.CV.CV.CV
Istôri,istoːɾi,VS.TV.RV,VC.CV.CV
Jà,d̠ʒaː,TV,CV
Jadàwe,d̠ʒadaːʋe,TV.TV.TV,CV.CV.CV
Jagra,d̠ʒagɾa,TV.TRV,CV.CCV
Jam,d̠ʒam,TVR,CVC
January,d̠ʒanuaɾi,TV.RV.V.RV,CV.CV.V.CV
Jar,d̠ʒaɾ,TVR,CVC
Jarès,d̠ʒaɾeːs,TV.RVS,CV.CVC
Jàsper,d̠ʒaːspeɾ,TVS.TVR,CVC.CVC
Jásper-mar,d̠ʒaːspeɾ maɾ,TVS.TVR RVR,CVC.CVC CVC
Javi,d̠ʒaʋi,TV.TV,CV.CV
javitem,d̠ʒaʋitem,TV.TV.TVR,CV.CV.CVC
Javiran,d̠ʒaʋiɾan,TV.TV.RVR,CV.CV.CVC
Jin,d̠ʒin,TVR,CVC
Jinjúa,d̠ʒind̠ʒuːa,TVR.TV.V,CVC.CV.V
jinúa,d̠ʒinuːa,TV.RV.V,CV.CV.V
jinjunação,d̠ʒind̠ʒunasaːo,TVR.TV.RV.SV.V,CVC.CV.CV.CV.V
Jinjuá,d̠ʒind̠ʒuaː,TVR.TV.V,CVC.CV.V
Jornado,d̠ʒoɾnado,TVR.RV.TV,CVC.CV.CV
Jubilee,d̠ʒubilee,TV.TV.RV.V,CV.CV.CV.V
Judá,d̠ʒudaː,TV.TV,CV.CV
judè,d̠ʒudeː,TV.TV,CV.CV
judança,d̠ʒudansa,TV.TVR.SV,CV.CVC.CV
Judá,d̠ʒudaː,TV.TV,CV.CV
judai,d̠ʒudai,TV.TV.V,CV.CV.V
Judador,d̠ʒudadoɾ,TV.TV.TVR,CV.CV.CVC
judedor,d̠ʒudedoɾ,TV.TV.TVR,CV.CV.CVC
Jadj,d̠ʒad̠ʒ,TV.T,CV.C
Jufrau,d̠ʒufɾau,TV.TRVG,CV.CCVG
Julgação,d̠ʒulgasaːo,TVR.TV.SV.V,CVC.CV.CV.V
Julgador,d̠ʒulgadoɾ,TVR.TV.TVR,CVC.CV.CVC
Julai,d̠ʒulai,TV.RV.V,CV.CV.V
Jumbà,d̠ʒumbaː,TVR.TV,CVC.CV
Jumbador,d̠ʒumbadoɾ,TVR.TV.TVR,CVC.CV.CVC
Jiun,d̠ʒiun,TV.VR,CV.VC
Juntação,d̠ʒuntasaːo,TVR.TV.SV.V,CVC.CV.CV.V
Juntado,d̠ʒuntado,TVR.TV.TV,CVC.CV.CV
Junto-herdeiro,d̠ʒunto eɾdeiɾo,TVR.TV VR.TVG.RV,CVC.CV VC.CVG.CV
Junto-obrador,d̠ʒunto obɾadoɾ,TVR.TV V.TRV.TVR,CVC.CV V.CCV.CVC
Junto-peditóris,d̠ʒunto peditoːɾis,TVR.TV TV.TV.TV.RVS,CVC.CV CV.CV.CV.CVC
Junto-servidor,d̠ʒunto seɾʋidoɾ,TVR.TV SVR.TV.TVR,CVC.CV CVC.CV.CVC
Jurar,d̠ʒuɾaɾ,TV.RVR,CV.CVC
Justá,d̠ʒustaː,TVS.TV,CVC.CV
Justado,d̠ʒustado,TVS.TV.TV,CVC.CV.CV
Justamento,d̠ʒustamento,TVS.TV.RVR.TV,CVC.CV.CVC.CV
Justicia,d̠ʒustisia,TVS.TV.SV.V,CVC.CV.CV.V
Justo,d̠ʒusto,TVS.TV,CVC.CV
Kokeira,kokeiɾa,TV.TVG.RV,CV.CVG.CV
Labóra,laboːɾa,RV.TV.RV,CV.CV.CV
Lacerdo,laseɾdo,RV.SVR.TV,CV.CVC.CV
Lacrá,lakɾaː,RV.TRV,CV.CCV
Laderan,ladeɾan,RV.TV.RVR,CV.CV.CVC
Ladinha,ladiɲa,RV.TV.RV,CV.CV.CV
Ladroviça,ladɾoʋisa,RV.TRV.TV.SV,CV.CCV.CV.CV
ladraviça,ladɾaʋisa,RV.TRV.TV.SV,CV.CCV.CV.CV
ladravicè,ladɾaʋiseː,RV.TRV.TV.SV,CV.CCV.CV.CV
ladrivicè,ladɾiʋiseː,RV.TRV.TV.SV,CV.CCV.CV.CV
ladervisa,ladeɾʋiza,RV.TVR.TV.SV,CV.CVC.CV.CV
Lagárè,lagaːɾeː,RV.TV.RV,CV.CV.CV
Lágri,laːgɾi,RV.TRV,CV.CCV
láguir,laːgiɾ,RV.TVR,CV.CVC
Lambrança,lambɾansa,RVR.TRVR.SV,CVC.CCVC.CV
Lemp,lemp,RVR.T,CVC.C
Lampo,lampo,RVR.TV,CVC.CV
Lantá,lantaː,RVR.TV,CVC.CV
Lanterno,lanteɾno,RVR.TVR.RV,CVC.CVC.CV
Lão,laːo,RV.V,CV.V
Lapiá,lapiaː,RV.TV.V,CV.CV.V
Lasta,lasta,RVS.TV,CVC.CV
lastè,lasteː,RVS.TV,CVC.CV
Lastimo,lastimo,RVS.TV.RV,CVC.CV.CV
Lastro,lastɾo,RVS.TRV,CVC.CCV
lástor,laːstoɾ,RVS.TVR,CVC.CVC
Laviação,laʋiasaːo,RV.TV.V.SV.V,CV.CV.V.CV.V
Lavração,laʋɾasaːo,RV.TRV.SV.V,CV.CCV.CV.V
Lé,leː,RV,CV
Lego,lego,RV.TV,CV.CV
leagou,leagou,RV.V.TVG,CV.V.CVG
Legislatà,led̠ʒizlataː,RV.TVS.RV.TV,CV.CVC.CV.CV
Lei,lei,RVG,CVG
Leido,leido,RVG.TV,CVG.CV
Lejado,led̠ʒado,RV.TV.TV,CV.CV.CV
Lembrá,lembɾaː,RVR.TRV,CVC.CCV
Léper,leːpeɾ,RV.TVR,CV.CVC
leprosa,lepɾoza,RV.TRV.SV,CV.CCV.CV
Lés,leːs,RVS,CVC
lez,les,RVS,CVC
leis,leis,RVGS,CVGC
Lés,leːs,RVS,CVC
Leste,leste,RVS.TV,CVC.CV
lestes,lestes,RVS.TVS,CVC.CVC
Lestemente,lestemente,RVS.TV.RVR.TV,CVC.CV.CVC.CV
Léte,leːte,RV.TV,CV.CV
Létar,leːtaɾ,RV.TVR,CV.CVC
létera,leːteɾa,RV.TV.RV,CV.CV.CV
letra,letɾa,RV.TRV,CV.CCV
Levadura,leʋaduɾa,RV.TV.TV.RV,CV.CV.CV.CV
Leve,leʋe,RV.TV,CV.CV
Levedação,leʋedasaːo,RV.TV.TV.SV.V,CV.CV.CV.CV.V
levedado,leʋedado,RV.TV.TV.TV,CV.CV.CV.CV
Leventà,leʋentaː,RV.TVR.TV,CV.CVC.CV
Lichim,lit̠ʃim,RV.TVR,CV.CVC
Limita,limita,RV.RV.TV,CV.CV.CV
limito,limito,RV.RV.TV,CV.CV.CV
Lingareiro,lingaɾeiɾo,RVR.TV.RVG.RV,CVC.CV.CVG.CV
lingerero,lind̠ʒeɾeɾo,RVR.TV.RV.RV,CVC.CV.CV.CV
Lingo,lingo,RVR.TV,CVC.CV
Linguerção,lingeɾsaːo,RVR.TVR.SV.V,CVC.CVC.CV.V
lingersan,lind̠ʒeɾsan,RVR.TVR.SVR,CVC.CVC.CVC
linguarçan,linguaɾsan,RVR.TV.VR.SVR,CVC.CV.VC.CVC
Linhos,liɲos,RV.RVS,CV.CVC
Liverdade,liʋeɾdade,RV.TVR.TV.TV,CV.CVC.CV.CV
livradade,liʋɾadade,RV.TRV.TV.TV,CV.CCV.CV.CV
Livrança,liʋɾansa,RV.TRVR.SV,CV.CCVC.CV
livrancè,liʋɾanseː,RV.TRVR.SV,CV.CCVC.CV
livração,liʋɾasaːo,RV.TRV.SV.V,CV.CCV.CV.V
Ló,loː,RV,CV
Lodia,lodia,RV.TV.V,CV.CV.V
Lodo,lodo,RV.TV,CV.CV
Logarmésmo,logaɾmeːzmo,RV.TVR.RVS.RV,CV.CVC.CVC.CV
Loiros,lojɾos,RVR.RVS,CVC.CVC
Loità,lojtaː,RVR.TV,CVC.CV
Loitamento,lojtamento,RVR.TV.RVR.TV,CVC.CV.CVC.CV
loitança,lojtansa,RVR.TVR.SV,CVC.CVC.CV
Loser,lozeɾ,RV.SVR,CV.CVC
Louvro,louʋɾo,RVG.TRV,CVG.CCV
Lovà,loʋaː,RV.TV,CV.CV
Lugàra,lugaːɾa,RV.TV.RV,CV.CV.CV
Iugàrè,iugaːɾeː,V.V.TV.RV,V.V.CV.CV
Iugària,iugaːɾia,V.V.TV.RV.V,V.V.CV.CV.V
Lugar-gosto,lugaɾ gosto,RV.TVR TVS.TV,CV.CVC CVC.CV
Luguéra,lugeːɾa,RV.TV.RV,CV.CV.CV
Luma,luma,RV.RV,CV.CV
Lumár,lumaːɾ,RV.RVR,CV.CVC
lumára,lumaːɾa,RV.RV.RV,CV.CV.CV
lumaré,lumaɾeː,RV.RV.RV,CV.CV.CV
Lumado,lumado,RV.RV.TV,CV.CV.CV
Lumià,lumiaː,RV.RV.V,CV.CV.V
Luminário,luminaːɾio,RV.RV.RV.RV.V,CV.CV.CV.CV.V
luminairo,luminaiɾo,RV.RV.RV.V.RV,CV.CV.CV.V.CV
lum'nario,lumənaɾio,RV.RV.RV.RV.V,CV.CV.CV.CV.V
Luzé,luzeː,RV.SV,CV.CV
Luzindo,luzindo,RV.SVR.TV,CV.CVC.CV
Maas,mas,RVS,CVC
Mação,masaːo,RV.SV.V,CV.CV.V
Macéo,maseːo,RV.SV.V,CV.CV.V
Machicá,mat̠ʃikaː,RV.TV.TV,CV.CV.CV
Mexin,meʃin,RV.TVR,CV.CVC
Macho-criancè,mat̠ʃo kɾianseː,RV.TV TRV.VR.SV,CV.CV CCV.VC.CV
Màdam,maːdam,RV.TVR,CV.CVC
Madergà,madeɾgaː,RV.TVR.TV,CV.CVC.CV
Mademá,mademaː,RV.TV.RV,CV.CV.CV
Mafatría,mafatɾiːa,RV.TV.TRV.V,CV.CV.CCV.V
Magovà,magoʋaː,RV.TV.TV,CV.CV.CV
maguvà,maguʋaː,RV.TV.TV,CV.CV.CV
Mai,mai,RV.V,CV.V
Mainato,mainato,RV.V.RV.TV,CV.V.CV.CV
Maisdiante,maizdiante,RV.VS.TV.VR.TV,CV.VC.CV.VC.CV
Maisque,maiske,RV.VS.TV,CV.VC.CV
masque,maske,RVS.TV,CVC.CV
Majestado,mad̠ʒestado,RV.TVS.TV.TV,CV.CVC.CV.CV
Major,mad̠ʒoɾ,RV.TVR,CV.CVC
Mal,mal,RVR,CVC
Maldiçansa,maldisansa,RVR.TV.SVR.SV,CVC.CV.CVC.CV
Maldiçoà,maldisoaː,RVR.TV.SV.V,CVC.CV.CV.V
maldiçà,maldisaː,RVR.TV.SV,CVC.CV.CV
Malfetor,malfetoɾ,RVR.TV.TVR,CVC.CV.CVC
Malino,malino,RV.RV.RV,CV.CV.CV
Mal-prestado,mal pɾestado,RVR TRVS.TV.TV,CVC CCVC.CV.CV
Malusancia,maluzansia,RV.RV.SVR.SV.V,CV.CV.CVC.CV.V
Mamma,mama,RV.RV,CV.CV
ma,ma,RV,CV
Man,man,RVR,CVC
Man',manə,RV.RV,CV.CV
Mandemento,mandemento,RVR.TV.RVR.TV,CVC.CV.CVC.CV
Manduco,manduko,RVR.TV.TV,CVC.CV.CV
Mangue,mange,RVR.TV,CVC.CV
Manhão,maɲaːo,RV.RV.V,CV.CV.V
Ment'l,mentəl,RVR.TVR,CVC.CVC
Manhecé,maɲeseː,RV.RV.SV,CV.CV.CV
manecê,maneseː,RV.RV.SV,CV.CV.CV
Manéja,maneːd̠ʒa,RV.RV.TV,CV.CV.CV
manejador,maned̠ʒadoɾ,RV.RV.TV.TVR,CV.CV.CV.CVC
Mão-em-mão,maːo em maːo,RV.V VR RV.V,CV.V VC CV.V
Mép,meːp,RV.T,CV.C
Mará,maɾaː,RV.RV,CV.CV
marrá,maraː,RV.RV,CV.CV
Marado,maɾado,RV.RV.TV,CV.CV.CV
Maradura,maɾaduɾa,RV.RV.TV.RV,CV.CV.CV.CV
Mára,maːɾa,RV.RV,CV.CV
marè,maɾeː,RV.RV,CV.CV
Martch,maɾt̠ʃ,RVR.T,CVC.C
Marello,maɾelo,RV.RV.RV,CV.CV.CV
Marga,maɾga,RVR.TV,CVC.CV
Margôra,maɾgoːɾa,RVR.TV.RV,CVC.CV.CV
Margoso,maɾgozo,RVR.TV.SV,CVC.CV.CV
Márgu,maːɾgu,RVR.TV,CVC.CV
Mármor,maːɾmoɾ,RVR.RVR,CVC.CVC
màrmar,maːɾmaɾ,RVR.RVR,CVC.CVC
Martellè,maɾteleː,RVR.TV.RV,CVC.CV.CV
martél,maɾteːl,RVR.TVR,CVC.CVC
Mártyro,maːɾtiɾo,RVR.TV.RV,CVC.CV.CV
Marvia,maɾʋia,RVR.TV.V,CVC.CV.V
Marvioso,maɾʋiozo,RVR.TV.V.SV,CVC.CV.V.CV
Marvilha,maɾʋiʎa,RVR.TV.RV,CVC.CV.CV
Marvilhà,maɾʋiʎaː,RVR.TV.RV,CVC.CV.CV
Más,maːs,RVS,CVC
Masante,mazante,RV.SVR.TV,CV.CVC.CV
Mascomtudo,maskomtudo,RVS.TVR.TV.TV,CVC.CVC.CV.CV
Masdiante,mazdiante,RVS.TV.VR.TV,CVC.CV.VC.CV
Maçabado,masabado,RV.SV.TV.TV,CV.CV.CV.CV
Maslins,mazlins,RVS.RVRS,CVC.CVCC
Massà,masaː,RV.SV,CV.CV
Massavo,masaʋo,RV.SV.TV,CV.CV.CV
Mástri,maːstɾi,RVS.TRV,CVC.CCV
Masvinho,masʋiɲo,RVS.TV.RV,CVC.CV.CV
Matação,matasaːo,RV.TV.SV.V,CV.CV.CV.V
matança,matansa,RV.TVR.SV,CV.CVC.CV
Matches,mat̠ʃes,RV.TVS,CV.CVC
Mate,mate,RV.TV,CV.CV
Matinha,matiɲa,RV.TV.RV,CV.CV.CV
Métres,meːtɾes,RV.TRVS,CV.CCVC
Mêi,meːj,RVR,CVC
Medè,medeː,RV.TV,CV.CV
Media,media,RV.TV.V,CV.CV.V
Miting,miting,RV.TVR.T,CV.CVC.C
Megoà,megoaː,RV.TV.V,CV.CV.V
melgoá,melgoaː,RVR.TV.V,CVC.CV.V
Megoador,megoadoɾ,RV.TV.V.TVR,CV.CV.V.CVC
Meido,meido,RVG.TV,CVG.CV
Melhoramente,meʎoɾamente,RV.RV.RV.RVR.TV,CV.CV.CV.CVC.CV
Mellifluoso,melifluozo,RV.RV.TRV.V.SV,CV.CV.CCV.V.CV
Memo,memo,RV.RV,CV.CV
Memoso,memozo,RV.RV.SV,CV.CV.CV
Mentè,menteː,RVR.TV,CVC.CV
Méo,meːo,RV.V,CV.V
Mercacia,meɾkasia,RVR.TV.SV.V,CVC.CV.CV.V
Mercadeira,meɾkadeiɾa,RVR.TV.TVG.RV,CVC.CV.CVG.CV
Mercê,meɾseː,RVR.SV,CVC.CV
Mercemento,meɾsemento,RVR.SV.RVR.TV,CVC.CV.CVC.CV
mercimento,meɾsimento,RVR.SV.RVR.TV,CVC.CV.CVC.CV
mericemento,meɾisemento,RV.RV.SV.RVR.TV,CV.CV.CV.CVC.CV
Merecê,meɾeseː,RV.RV.SV,CV.CV.CV
Meritória,meɾitoːɾia,RV.RV.TV.RV.V,CV.CV.CV.CV.V
Merón,meɾoːn,RV.RVR,CV.CVC
Mès,meːs,RVS,CVC
méis,meːjs,RVRS,CVCC
Més,meːs,RVS,CVC
Méssa,meːsa,RV.SV,CV.CV
Messá,mesaː,RV.SV,CV.CV
Messangeiro,mesand̠ʒeiɾo,RV.SVR.TVG.RV,CV.CVC.CVG.CV
massengeiro,masend̠ʒeiɾo,RV.SVR.TVG.RV,CV.CVC.CVG.CV
Mestre,mestɾe,RVS.TRV,CVC.CCV
méstri,meːstɾi,RVS.TRV,CVC.CCV
Metade,metade,RV.TV.TV,CV.CV.CV
metai,metai,RV.TV.V,CV.CV.V
Methodisto,metodisto,RV.TV.TVS.TV,CV.CV.CVC.CV
Milagrioso,milagɾiozo,RV.RV.TRV.V.SV,CV.CV.CCV.V.CV
Mail,mail,RV.VR,CV.VC
Militàrio,militaːɾio,RV.RV.TV.RV.V,CV.CV.CV.CV.V
Millions,milions,RV.RV.VRS,CV.CV.VCC
Mils,mils,RVRS,CVCC
Mimôri,mimoːɾi,RV.RV.RV,CV.CV.CV
Minguação,minguasaːo,RVR.TV.V.SV.V,CVC.CV.V.CV.V
Minha,miɲa,RV.RV,CV.CV
minhè,miɲeː,RV.RV,CV.CV
Ministeiro,ministeiɾo,RV.RVS.TVG.RV,CV.CVC.CVG.CV
Ministração,ministɾasaːo,RV.RVS.TRV.SV.V,CV.CVC.CCV.CV.V
Minté,minteː,RVR.TV,CVC.CV
Minteira,minteiɾa,RVR.TVG.RV,CVC.CVG.CV
Minteroso,minteɾozo,RVR.TV.RV.SV,CVC.CV.CV.CV
mintroso,mintɾozo,RVR.TRV.SV,CVC.CCV.CV
Minuito,minuito,RV.RV.V.TV,CV.CV.V.CV
Mira,miɾa,RV.RV,CV.CV
Misaravel,mizaɾaʋel,RV.SV.RV.TVR,CV.CV.CV.CVC
misravel,mizɾaʋel,RVS.RV.TVR,CVC.CV.CVC
Misinha,miziɲa,RV.SV.RV,CV.CV.CV
Misricordia,mizɾikoɾdia,RVS.RV.TVR.TV.V,CVC.CV.CVC.CV.V
misrecordia,mizɾekoɾdia,RVS.RV.TVR.TV.V,CVC.CV.CVC.CV.V
Misricordioso,mizɾikoɾdiozo,RVS.RV.TVR.TV.V.SV,CVC.CV.CVC.CV.V.CV
Misté,misteː,RVS.TV,CVC.CV
mista,mista,RVS.TV,CVC.CV
Mistia,mistia,RVS.TV.V,CVC.CV.V
Mistem,mistem,RVS.TVR,CVC.CVC
Mistrá,mistɾaː,RVS.TRV,CVC.CCV
Moça,mosa,RV.SV,CV.CV
Moção,mosaːo,RV.SV.V,CV.CV.V
Mofiná,mofinaː,RV.TV.RV,CV.CV.CV
Moito,mojto,RVR.TV,CVC.CV
Moleira,moleiɾa,RV.RVG.RV,CV.CVG.CV
Molgá,molgaː,RVR.TV,CVC.CV
Molyà,molʲaː,RV.RV,CV.CV
Molya,molʲa,RV.RV,CV.CV
mujà,mud̠ʒaː,RV.TV,CV.CV
Mónster,moːnsteɾ,RVRS.TVR,CVCC.CVC
Montanho,montaɲo,RVR.TV.RV,CVC.CV.CV
Mooi,mooj,RV.VR,CV.VC
Moradè,moɾadeː,RV.RV.TV,CV.CV.CV
morado,moɾado,RV.RV.TV,CV.CV.CV
morando,moɾando,RV.RVR.TV,CV.CVC.CV
morança,moɾansa,RV.RVR.SV,CV.CVC.CV
moradura,moɾaduɾa,RV.RV.TV.RV,CV.CV.CV.CV
Morra,mora,RV.RV,CV.CV
Morrendo,morendo,RV.RVR.TV,CV.CVC.CV
Morro,moro,RV.RV,CV.CV
Mortajo,moɾtad̠ʒo,RVR.TV.TV,CVC.CV.CV
Mortià,moɾtiaː,RVR.TV.V,CVC.CV.V
Mostárdè,mostaːɾdeː,RVS.TVR.TV,CVC.CVC.CV
Mourdé,mouɾdeː,RVGR.TV,CVGC.CV
Mourdindo,mouɾdindo,RVGR.TVR.TV,CVGC.CVC.CV
Movà,moʋaː,RV.TV,CV.CV
Muê,mueː,RV.V,CV.V
muá,muaː,RV.V,CV.V
Mudana,mudana,RV.TV.RV,CV.CV.CV
Mudáncè,mudaːnseː,RV.TVR.SV,CV.CVC.CV
mudação,mudasaːo,RV.TV.SV.V,CV.CV.CV.V
Mudano,mudano,RV.TV.RV,CV.CV.CV
Mulhàra,muʎaːɾa,RV.RV.RV,CV.CV.CV
Mulvado,mulʋado,RVR.TV.TV,CVC.CV.CV
Mundado,mundado,RVR.TV.TV,CVC.CV.CV
Mundoso,mundozo,RVR.TV.SV,CVC.CV.CV
Murguiá,muɾgiaː,RVR.TV.V,CVC.CV.V
Murguiaçâo,muɾgiasaːo,RVR.TV.V.SV.V,CVC.CV.V.CV.V
Murindo,muɾindo,RV.RVR.TV,CV.CVC.CV
Murmerà,muɾmeɾaː,RVR.RV.RV,CVC.CV.CV
Murmeração,muɾmeɾasaːo,RVR.RV.RV.SV.V,CVC.CV.CV.CV.V
Murré,mureː,RV.RV,CV.CV
Musicante,muzikante,RV.SV.TVR.TV,CV.CV.CVC.CV
Musico,muziko,RV.SV.TV,CV.CV.CV
Mustrà,mustɾaː,RVS.TRV,CVC.CCV
Mutúra,mutuːɾa,RV.TV.RV,CV.CV.CV
Mystéria,misteːɾia,RVS.TV.RV.V,CVC.CV.CV.V
Nacemento,nasemento,RV.SV.RVR.TV,CV.CV.CVC.CV
Nada,nada,RV.TV,CV.CV
Nada,nada,RV.TV,CV.CV
nadè,nadeː,RV.TV,CV.CV
nandè,nandeː,RVR.TV,CVC.CV
Nadia,nadia,RV.TV.V,CV.CV.V
Namais,namais,RV.RV.VS,CV.CV.VC
namás,namaːs,RV.RVS,CV.CVC
Nan,nan,RVR,CVC
Natal-dia,natal dia,RV.TVR TV.V,CV.CVC CV.V
Nau-quebrado,nau kebɾado,RVG TV.TRV.TV,CVG CV.CCV.CV
Navigà,naʋigaː,RV.TV.TV,CV.CV.CV
Necestade,nesestade,RV.SVS.TV.TV,CV.CVC.CV.CV
Negligá,negligaː,RV.TRV.TV,CV.CCV.CV
Negócia,negoːsia,RV.TV.SV.V,CV.CV.CV.V
Nehum,neum,RVGR,CVGC
nihum,nium,RV.VR,CV.VC
nium,nium,RV.VR,CV.VC
Nemistê,nemisteː,RV.RVS.TV,CV.CVC.CV
nemistà,nemistaː,RV.RVS.TV,CV.CVC.CV
nimisté,nimisteː,RV.RVS.TV,CV.CVC.CV
numistè,numisteː,RV.RVS.TV,CV.CVC.CV
Nérva,neːɾʋa,RVR.TV,CVC.CV
Nigrinha,nigɾiɲa,RV.TRV.RV,CV.CCV.CV
Nimito,nimito,RV.RV.TV,CV.CV.CV
nimíta,nimiːta,RV.RV.TV,CV.CV.CV
Nimità,nimitaː,RV.RV.TV,CV.CV.CV
Nimitação,nimitasaːo,RV.RV.TV.SV.V,CV.CV.CV.CV.V
Ninquer,ninkeɾ,RVR.TVR,CVC.CVC
Ninqueria,ninkeɾia,RVR.TV.RV.V,CVC.CV.CV.V
Nistá,nistaː,RVS.TV,CVC.CV
Nistade,nistade,RVS.TV.TV,CVC.CV.CV
Nó,noː,RV,CV
nuó,nuoː,RV.V,CV.V
Nóber,noːbeɾ,RV.TVR,CV.CVC
Nobilidade,nobilidade,RV.TV.RV.TV.TV,CV.CV.CV.CV.CV
Nobréza,nobɾeːza,RV.TRV.SV,CV.CCV.CV
Nocente,nosente,RV.SVR.TV,CV.CVC.CV
nocenti,nosenti,RV.SVR.TV,CV.CVC.CV
Nogo,nogo,RV.TV,CV.CV
Noivu,nojʋu,RVR.TV,CVC.CV
Nómber,noːmbeɾ,RVR.TVR,CVC.CVC
Nompodé,nompodeː,RVR.TV.TV,CVC.CV.CV
nompôdi,nompoːdi,RVR.TV.TV,CVC.CV.CV
Nompodia,nompodia,RVR.TV.TV.V,CVC.CV.CV.V
Nona,nona,RV.RV,CV.CV
Nôtis,noːtis,RV.TVS,CV.CVC
Nonca,nonka,RVR.TV,CVC.CV
nonco,nonko,RVR.TV,CVC.CV
nuca,nuka,RV.TV,CV.CV
núcu,nuːku,RV.TV,CV.CV
Nono,nono,RV.RV,CV.CV
Nossè,noseː,RV.SV,CV.CV
Nossotros,nosotɾos,RV.SV.TRVS,CV.CV.CCVC
Notáris,notaːɾis,RV.TV.RVS,CV.CV.CVC
Novas-papella,noʋas papela,RV.TVS TV.TV.RV,CV.CVC CV.CV.CV
Novémber,noʋeːmbeɾ,RV.TVR.TVR,CV.CVC.CVC
Nóves,noːʋes,RV.TVS,CV.CVC
Nóvis,noːʋis,RV.TVS,CV.CVC
Nué,nueː,RV.V,CV.V
nuvé,nuʋeː,RV.TV,CV.CV
nuá,nuaː,RV.V,CV.V
Num,num,RVR,CVC
nun,nun,RVR,CVC
Numpodé,numpodeː,RVR.TV.TV,CVC.CV.CV
numpôdi,numpoːdi,RVR.TV.TV,CVC.CV.CV
Numpodia,numpodia,RVR.TV.TV.V,CVC.CV.CV.V
Nuntem,nuntem,RVR.TVR,CVC.CVC
Nuntinha,nuntiɲa,RVR.TV.RV,CVC.CV.CV
Numbro,numbɾo,RVR.TRV,CVC.CCV
Nunca,nunka,RVR.TV,CVC.CV
nunco,nunko,RVR.TV,CVC.CV
Nuvè,nuʋeː,RV.TV,CV.CV
Ô,oː,V,V
Obedicé,obediseː,V.TV.TV.SV,V.CV.CV.CV
obdecé,obdeseː,V.T.TV.SV,V.C.CV.CV
Obdicindo,obdisindo,V.T.TV.SVR.TV,V.C.CV.CVC.CV
Obedecencia,obedesensia,V.TV.TV.SVR.SV.V,V.CV.CV.CVC.CV.V
obedecimento,obedesimento,V.TV.TV.SV.RVR.TV,V.CV.CV.CV.CVC.CV
Obre,obɾe,V.TRV,V.CCV
óber,oːbeɾ,V.TVR,V.CVC
Obração,obɾasaːo,V.TRV.SV.V,V.CCV.CV.V
Obraro,obɾaɾo,V.TRV.RV,V.CCV.CV
Obrigacè,obɾigaseː,V.TRV.TV.SV,V.CCV.CV.CV
Occidente,oksidente,V.T.SV.TVR.TV,V.C.CV.CVC.CV
Octóber,oktoːbeɾ,V.T.TV.TVR,V.C.CV.CVC
Ódia,oːdia,V.TV.V,V.CV.V
Offéncia,ofeːnsia,V.TVR.SV.V,V.CVC.CV.V
Offercé,ofeɾseː,V.TVR.SV,V.CVC.CV
Offercimento,ofeɾsimento,V.TVR.SV.RVR.TV,V.CVC.CV.CVC.CV
offeração,ofeɾasaːo,V.TV.RV.SV.V,V.CV.CV.CV.V
offerça,ofeɾsa,V.TVR.SV,V.CVC.CV
offerço,ofeɾso,V.TVR.SV,V.CVC.CV
Ófis,oːfis,V.TVS,V.CVC
Ófiser,oːfizeɾ,V.TV.SVR,V.CV.CVC
Officina,ofisina,V.TV.SV.RV,V.CV.CV.CV
officio,ofisio,V.TV.SV.V,V.CV.CV.V
officia,ofisia,V.TV.SV.V,V.CV.CV.V
offiço,ofiso,V.TV.SV,V.CV.CV
Ogo,ogo,V.TV,V.CV
Oitórè,ojtoːɾeː,VR.TV.RV,VC.CV.CV
Olhà,oʎaː,V.RV,V.CV
Olyà,olʲaː,V.RV,V.CV
oyà,ojaː,V.RV,V.CV
Olyo,olʲo,V.RV,V.CV
Ómber,oːmbeɾ,VR.TVR,VC.CVC
Omóris,omoːɾis,V.RV.RVS,V.CV.CVC
Omp,omp,VR.T,VC.C
ompi,ompi,VR.TV,VC.CV
Ontà,ontaː,VR.TV,VC.CV
Onte,onte,VR.TV,VC.CV
ónti,oːnti,VR.TV,VC.CV
ónta,oːnta,VR.TV,VC.CV
Onzimo,onzimo,VR.SV.RV,VC.CV.CV
Oppressà,opɾesaː,V.TRV.SV,V.CCV.CV
Oratória,oɾatoːɾia,V.RV.TV.RV.V,V.CV.CV.CV.V
Orde,oɾde,VR.TV,VC.CV
órdi,oːɾdi,VR.TV,VC.CV
Ordinà,oɾdinaː,VR.TV.RV,VC.CV.CV
Ordinancias,oɾdinansias,VR.TV.RVR.SV.VS,VC.CV.CVC.CV.VC
Oriente,oɾiente,V.RV.VR.TV,V.CV.VC.CV
Orlozo,oɾlozo,VR.RV.SV,VC.CV.CV
Orphano,oɾfano,VR.TV.RV,VC.CV.CV
Ortelão,oɾtelaːo,VR.TV.RV.V,VC.CV.CV.V
Orvai,oɾʋai,VR.TV.V,VC.CV.V
oravai,oɾaʋai,V.RV.TV.V,V.CV.CV.V
Otro,otɾo,V.TRV,V.CCV
outrè,outɾeː,VG.TRV,VG.CCV
Oudisido,oudizido,VG.TV.SV.TV,VG.CV.CV.CV
Ouleiro,ouleiɾo,VG.RVG.RV,VG.CVG.CV
Oura,ouɾa,VG.RV,VG.CV
óru,oːɾu,V.RV,V.CV
Ouro-anjo,ouɾo and̠ʒo,VG.RV VR.TV,VG.CV VC.CV
Ouro-coroa,ouɾo koɾoa,VG.RV TV.RV.V,VG.CV CV.CV.V
Ouvida,ouʋida,VG.TV.TV,VG.CV.CV
ovido,oʋido,V.TV.TV,V.CV.CV
ovida,oʋida,V.TV.TV,V.CV.CV
Ovi,oʋi,V.TV,V.CV
Ovelho,oʋeʎo,V.TV.RV,V.CV.CV
Óksigen,oːksid̠ʒen,V.T.SV.TVR,V.C.CV.CVC
Pacencia,pasensia,TV.SVR.SV.V,CV.CVC.CV.V
pacénci,paseːnsi,TV.SVR.SV,CV.CVC.CV
paciénci,pasieːnsi,TV.SV.VR.SV,CV.CV.VC.CV
Padaço,padaso,TV.TV.SV,CV.CV.CV
padas,padas,TV.TVS,CV.CVC
padaz,padas,TV.TVS,CV.CVC
Padecemento,padesemento,TV.TV.SV.RVR.TV,CV.CV.CV.CVC.CV
Padicé,padiseː,TV.TV.SV,CV.CV.CV
Pagà,pagaː,TV.TV,CV.CV
Pague,page,TV.TV,CV.CV
Palaço,palaso,TV.RV.SV,CV.CV.CV
Palàver,palaːʋeɾ,TV.RV.TVR,CV.CV.CVC
pàlver,paːlʋeɾ,TVR.TVR,CVC.CVC
pàlvra,paːlʋɾa,TVR.TRV,CVC.CCV
Palavrado,palaʋɾado,TV.RV.TRV.TV,CV.CV.CCV.CV
Palmião,palmiaːo,TVR.RV.VV,CVC.CV.VV
Palmo,palmo,TVR.RV,CVC.CV
Pamperlão,pampeɾlaːo,TVR.TVR.RV.V,CVC.CVC.CV.V
Pan,pan,TVR,CVC
Pancádè,pankaːdeː,TVR.TV.TV,CVC.CV.CV
pancado,pankado,TVR.TV.TV,CVC.CV.CV
Panhà,paɲaː,TV.RV,CV.CV
Panocrua,panokɾua,TV.RV.TRV.V,CV.CV.CCV.V
Pap,pap,TV.T,CV.C
Papagaia,papagaia,TV.TV.TVG.V,CV.CV.CVG.V
Papella,papela,TV.TV.RV,CV.CV.CV
papélè,papeːleː,TV.TV.RV,CV.CV.CV
Papiá,papiaː,TV.TV.V,CV.CV.V
Papiador,papiadoɾ,TV.TV.V.TVR,CV.CV.V.CVC
Papus,papus,TV.TVS,CV.CVC
Par,paɾ,TVR,CVC
Pará,paɾaː,TV.RV,CV.CV
Paràbel,paɾaːbel,TV.RV.TVR,CV.CV.CVC
Parêd,paɾeːd,TV.RV.T,CV.CV.C
Paradiso,paɾadizo,TV.RV.TV.SV,CV.CV.CV.CV
Parçaria,paɾsaɾia,TVR.SV.RV.V,CVC.CV.CV.V
Parè,paɾeː,TV.RV,CV.CV
Paridura,paɾiduɾa,TV.RV.TV.RV,CV.CV.CV.CV
Parecè,paɾeseː,TV.RV.SV,CV.CV.CV
parcé,paɾseː,TVR.SV,CVC.CV
Parecer,paɾeseɾ,TV.RV.SVR,CV.CV.CVC
parcer,paɾseɾ,TVR.SVR,CVC.CVC
Pareço,paɾeso,TV.RV.SV,CV.CV.CV
Parecemento,paɾesemento,TV.RV.SV.RVR.TV,CV.CV.CV.CVC.CV
parcemento,paɾsemento,TVR.SV.RVR.TV,CVC.CV.CVC.CV
paricimento,paɾisimento,TV.RV.SV.RVR.TV,CV.CV.CV.CVC.CV
Parentelha,paɾenteʎa,TV.RVR.TV.RV,CV.CVC.CV.CV
Parentes,paɾentes,TV.RVR.TVS,CV.CVC.CVC
Parentesca,paɾenteska,TV.RVR.TVS.TV,CV.CVC.CVC.CV
Parol,paɾol,TV.RVR,CV.CVC
Paroliero,paɾolieɾo,TV.RV.RV.V.RV,CV.CV.CV.V.CV
Parpora,paɾpoɾa,TVR.TV.RV,CVC.CV.CV
Parque,paɾke,TVR.TV,CVC.CV
parqui,paɾki,TVR.TV,CVC.CV
Parrà,paraː,TV.RV,CV.CV
Pàrtei,paːɾtei,TVR.TVG,CVC.CVG
Parte-possuidor,paɾte posuidoɾ,TVR.TV TV.SV.V.TVR,CVC.CV CV.CV.V.CVC
Paçá,pasaː,TV.SV,CV.CV
Passagè,pasad̠ʒeː,TV.SV.TV,CV.CV.CV
passajo,pasad̠ʒo,TV.SV.TV,CV.CV.CV
pasajo,pazad̠ʒo,TV.SV.TV,CV.CV.CV
passai,pasai,TV.SV.V,CV.CV.V
passei,pasei,TV.SVG,CV.CVG
Passá,pasaː,TV.SV,CV.CV
Pascencia,pasensia,TV.SVR.SV.V,CV.CVC.CV.V
Pasco,pasko,TVS.TV,CVC.CV
Pascoa-tempo,paskoa tempo,TVS.TV.V TVR.TV,CVC.CV.V CVC.CV
Passangeiro,pasand̠ʒeiɾo,TV.SVR.TVG.RV,CV.CVC.CVG.CV
Passante,pasante,TV.SVR.TV,CV.CVC.CV
Passavel,pasaʋel,TV.SV.TVR,CV.CV.CVC
Pastro,pastɾo,TVS.TRV,CVC.CCV
pastor,pastoɾ,TVS.TVR,CVC.CVC
Pasteá,pasteaː,TVS.TV.V,CVC.CV.V
Pastempo,pastempo,TVS.TVR.TV,CVC.CVC.CV
Pastrinho,pastɾiɲo,TVS.TRV.RV,CVC.CCV.CV
pasterinho,pasteɾiɲo,TVS.TV.RV.RV,CVC.CV.CV.CV
pastronélè,pastɾoneːleː,TVS.TRV.RV.RV,CVC.CCV.CV.CV
Pastro,pastɾo,TVS.TRV,CVC.CCV
pastúr,pastuːɾ,TVS.TVR,CVC.CVC
Pateca,pateka,TV.TV.TV,CV.CV.CV
Patriarco,patɾiaɾko,TV.TRV.VR.TV,CV.CCV.VC.CV
Patta,patːa,TV.TV,CV.CV
Paun,paun,TVGR,CVGC
Pavi,paʋi,TV.TV,CV.CV
Péci,peːsi,TV.SV,CV.CV
pési,peːzi,TV.SV,CV.CV
Peçonhoto,pesoɲoto,TV.SV.RV.TV,CV.CV.CV.CV
Pécora,peːkoɾa,TV.TV.RV,CV.CV.CV
Péder,peːdeɾ,TV.TVR,CV.CVC
Pederia,pedeɾia,TV.TV.RV.V,CV.CV.CV.V
pedria,pedɾia,TV.TRV.V,CV.CCV.V
Peditória,peditoːɾia,TV.TV.TV.RV.V,CV.CV.CV.CV.V
peditóri,peditoːɾi,TV.TV.TV.RV,CV.CV.CV.CV
pidetória,pidetoːɾia,TV.TV.TV.RV.V,CV.CV.CV.CV.V
Pedrejà,pedɾed̠ʒaː,TV.TRV.TV,CV.CCV.CV
pedreyà,pedɾejaː,TV.TRV.RV,CV.CCV.CV
pedriá,pedɾiaː,TV.TRV.V,CV.CCV.V
Pegado,pegado,TV.TV.TV,CV.CV.CV
Pégados,peːgados,TV.TV.TVS,CV.CV.CVC
Pei,pei,TVG,CVG
Pelegrino,pelegɾino,TV.RV.TRV.RV,CV.CV.CCV.CV
Péli,peːli,TV.RV,CV.CV
Pelo,pelo,TV.RV,CV.CV
Pelour,pelouɾ,TV.RVGR,CV.CVGC
Penerá,peneɾaː,TV.RV.RV,CV.CV.CV
Pénès,peːneːs,TV.RVS,CV.CVC
pànès,paːneːs,TV.RVS,CV.CVC
Penetenti,penetenti,TV.RV.TVR.TV,CV.CV.CVC.CV
Péshon,peːʃon,TV.TVR,CV.CVC
Pequinino,pekinino,TV.TV.RV.RV,CV.CV.CV.CV
Pequino,pekino,TV.TV.RV,CV.CV.CV
Per,peɾ,TVR,CVC
pera,peɾa,TV.RV,CV.CV
perè,peɾeː,TV.RV,CV.CV
Percauso,peɾkauzo,TVR.TVG.SV,CVC.CVG.CV
Perdá,peɾdaː,TVR.TV,CVC.CV
Perdeção,peɾdesaːo,TVR.TV.SV.V,CVC.CV.CV.V
Perdovà,peɾdoʋaː,TVR.TV.TV,CVC.CV.CV
Perfeità,peɾfeitaː,TVR.TVG.TV,CVC.CVG.CV
Perfeitado,peɾfeitado,TVR.TVG.TV.TV,CVC.CVG.CV.CV
Periba,peɾiba,TV.RV.TV,CV.CV.CV
Perigreneção,peɾigɾenesaːo,TV.RV.TRV.RV.SV.V,CV.CV.CCV.CV.CV.V
Perla,peɾla,TVR.RV,CVC.CV
Permanecente,peɾmanesente,TVR.RV.RV.SVR.TV,CVC.CV.CV.CVC.CV
Permittá,peɾmitːaː,TVR.RV.TV,CVC.CV.CV
Perseguaição,peɾseguaisaːo,TVR.SV.TV.VG.SV.V,CVC.CV.CV.VG.CV.V
Persuaidir,peɾsuaidiɾ,TVR.SV.VG.TVR,CVC.CV.VG.CVC
Pertruvà,peɾtɾuʋaː,TVR.TRV.TV,CVC.CCV.CV
Pervertà,peɾʋeɾtaː,TVR.TVR.TV,CVC.CVC.CV
Pesadura,pezaduɾa,TV.SV.TV.RV,CV.CV.CV.CV
Pé-solto,peː solto,TV SVR.TV,CV CVC.CV
Pessõa,pesoːa,TV.SV.V,CV.CV.V
peason,peazon,TV.V.SVR,CV.V.CVC
pessão,pesaːo,TV.SV.V,CV.CV.V
pessan,pesan,TV.SVR,CV.CVC
Péstia,peːstia,TVS.TV.V,CVC.CV.V
Pete,pete,TV.TV,CV.CV
péti,peːti,TV.TV,CV.CV
Petishon,petiʃon,TV.TV.TVR,CV.CV.CVC
Péto,peːto,TV.TV,CV.CV
Pézo,peːzo,TV.SV,CV.CV
Piadade,piadade,TV.V.TV.TV,CV.V.CV.CV
Piadoso,piadozo,TV.V.TV.SV,CV.V.CV.CV
pidoso,pidozo,TV.TV.SV,CV.CV.CV
Piatória,piatoːɾia,TV.V.TV.RV.V,CV.V.CV.CV.V
piatóri,piatoːɾi,TV.V.TV.RV,CV.V.CV.CV
Pidé,pideː,TV.TV,CV.CV
Pill,pil,TVR,CVC
Pilgrima,pilgɾima,TVR.TRV.RV,CVC.CCV.CV
Pinchà,pint̠ʃaː,TVR.TV,CVC.CV
Pindurá,pinduɾaː,TVR.TV.RV,CVC.CV.CV
Pindrado,pindɾado,TVR.TRV.TV,CVC.CCV.CV
Pinhor,piɲoɾ,TV.RVR,CV.CVC
Pintador,pintadoɾ,TVR.TV.TVR,CVC.CV.CVC
Paip,paip,TV.V.T,CV.V.C
Piquin,pikin,TV.TVR,CV.CVC
Pirigo,piɾigo,TV.RV.TV,CV.CV.CV
Pirigá,piɾigaː,TV.RV.TV,CV.CV.CV
Piregoso,piɾegozo,TV.RV.TV.SV,CV.CV.CV.CV
Piscôs,piskoːs,TVS.TVS,CVC.CVC
Pisinhoto,piziɲoto,TV.SV.RV.TV,CV.CV.CV.CV
Pistól,pistoːl,TVS.TVR,CVC.CVC
Plaga,plaga,TRV.TV,CCV.CV
plágu,plaːgu,TRV.TV,CCV.CV
Plein,plein,TRVGR,CCVGC
Plan,plan,TRVR,CCVC
Plánchè,plaːnt̠ʃeː,TRVR.TV,CCVC.CV
Planétè,planeːteː,TRV.RV.TV,CCV.CV.CV
Plat,plat,TRV.T,CCV.C
Plein,plein,TRVGR,CCVGC
Plenári,plenaːɾi,TRV.RV.RV,CCV.CV.CV
Plenidão,plenidaːo,TRV.RV.TV.V,CCV.CV.CV.V
Ploi,ploj,TRVR,CCVC
Póbir,poːbiɾ,TV.TVR,CV.CVC
Póco,poːko,TV.TV,CV.CV
Podéra,podeːɾa,TV.TV.RV,CV.CV.CV
Pódeser,poːdezeɾ,TV.TV.SVR,CV.CV.CVC
pódiser,poːdizeɾ,TV.TV.SVR,CV.CV.CVC
Podricé,podɾiseː,TV.TRV.SV,CV.CCV.CV
Podre-cido,podɾe sido,TV.TRV SV.TV,CV.CCV CV.CV
Po'e,poəe,TV.VV,CV.VV
poi,poj,TVR,CVC
Polvito,polʋito,TVR.TV.TV,CVC.CV.CV
Polvito-boceta,polʋito boseta,TVR.TV.TV TV.SV.TV,CVC.CV.CV CV.CV.CV
Pompôria,pompoːɾia,TVR.TV.RV.V,CVC.CV.CV.V
pompôri,pompoːɾi,TVR.TV.RV,CVC.CV.CV
Pontá,pontaː,TVR.TV,CVC.CV
Ponto,ponto,TVR.TV,CVC.CV
pontè,ponteː,TVR.TV,CVC.CV
Porcadade,poɾkadade,TVR.TV.TV.TV,CVC.CV.CV.CV
Poristo,poɾisto,TV.RVS.TV,CV.CVC.CV
Porta-rua,poɾta ɾua,TVR.TV RV.V,CVC.CV CV.V
Portugueza,poɾtugeza,TVR.TV.TV.SV,CVC.CV.CV.CV
Possebé,posebeː,TV.SV.TV,CV.CV.CV
possibé,posibeː,TV.SV.TV,CV.CV.CV
pos-suibé,pos suibeː,TVS SV.V.TV,CVC CV.V.CV
Possessá,posesaː,TV.SV.SV,CV.CV.CV
Póssia,poːsia,TV.SV.V,CV.CV.V
Pótar,poːtaɾ,TV.TVR,CV.CVC
Pouches,pout̠ʃes,TVG.TVS,CVG.CVC
póuchis,poːut̠ʃis,TV.V.TVS,CV.V.CVC
Pouco-idade,pouko idade,TVG.TV V.TV.TV,CVG.CV V.CV.CV
Póvès,poːʋeːs,TV.TVS,CV.CVC
Povoção,poʋosaːo,TV.TV.SV.V,CV.CV.CV.V
povesan,poʋezan,TV.TV.SVR,CV.CV.CVC
Praino,pɾaino,TRV.V.RV,CCV.V.CV
Prandè,pɾandeː,TRVR.TV,CCVC.CV
Pranta,pɾanta,TRVR.TV,CCVC.CV
Prato,pɾato,TRV.TV,CCV.CV
Prazero,pɾazeɾo,TRV.SV.RV,CCV.CV.CV
prazeiro,pɾazeiɾo,TRV.SVG.RV,CCV.CVG.CV
Predicá,pɾedikaː,TRV.TV.TV,CCV.CV.CV
Predicação,pɾedikasaːo,TRV.TV.TV.SV.V,CCV.CV.CV.CV.V
Pregação-horas,pɾegasaːo oɾas,TRV.TV.SV.V V.RVS,CCV.CV.CV.V V.CVC
Pregoá,pɾegoaː,TRV.TV.V,CCV.CV.V
Preguador,pɾeguadoɾ,TRV.TV.V.TVR,CCV.CV.V.CVC
Preguècè,pɾegeːseː,TRV.TV.SV,CCV.CV.CV
Premeiro,pɾemeiɾo,TRV.RVG.RV,CCV.CVG.CV
Premesso,pɾemeso,TRV.RV.SV,CCV.CV.CV
primeiço,pɾimeiso,TRV.RVG.SV,CCV.CVG.CV
pri-meço,pɾi meso,TRV RV.SV,CCV CV.CV
Prendé,pɾendeː,TRVR.TV,CCVC.CV
prendá,pɾendaː,TRVR.TV,CCVC.CV
prandé,pɾandeː,TRVR.TV,CCVC.CV
Prendo,pɾendo,TRVR.TV,CCVC.CV
prendá,pɾendaː,TRVR.TV,CCVC.CV
Prénha,pɾeːɲa,TRV.RV,CCV.CV
prenhe,pɾeɲe,TRV.RV,CCV.CV
Prensa,pɾensa,TRVR.SV,CCVC.CV
prenso,pɾenso,TRVR.SV,CCVC.CV
Preperá,pɾepeɾaː,TRV.TV.RV,CCV.CV.CV
Presa,pɾeza,TRV.SV,CCV.CV
Presado,pɾezado,TRV.SV.TV,CCV.CV.CV
Preso,pɾezo,TRV.SV,CCV.CV
Preso-casa,pɾezo kaza,TRV.SV TV.SV,CCV.CV CV.CV
Preséncia,pɾezeːnsia,TRV.SVR.SV.V,CCV.CVC.CV.V
presènci,pɾezeːnsi,TRV.SVR.SV,CCV.CVC.CV
Preso,pɾezo,TRV.SV,CCV.CV
prezo,pɾezo,TRV.SV,CCV.CV
Présta,pɾeːsta,TRVS.TV,CCVC.CV
prestamente,pɾestamente,TRVS.TV.RVR.TV,CCVC.CV.CVC.CV
preste,pɾeste,TRVS.TV,CCVC.CV
prestemente,pɾestemente,TRVS.TV.RVR.TV,CCVC.CV.CVC.CV
prestado,pɾestado,TRVS.TV.TV,CCVC.CV.CV
prestadomente,pɾestadomente,TRVS.TV.TV.RVR.TV,CCVC.CV.CV.CVC.CV
prestè,pɾesteː,TRVS.TV,CCVC.CV
Prestá,pɾestaː,TRVS.TV,CCVC.CV
Présta,pɾeːsta,TRVS.TV,CCVC.CV
prestado,pɾestado,TRVS.TV.TV,CCVC.CV.CV
prestade,pɾestade,TRVS.TV.TV,CCVC.CV.CV
prestança,pɾestansa,TRVS.TVR.SV,CCVC.CVC.CV
Preténcia,pɾeteːnsia,TRV.TVR.SV.V,CCV.CVC.CV.V
Prevalá,pɾeʋalaː,TRV.TV.RV,CCV.CV.CV
Prevalência,pɾeʋaleːnsia,TRV.TV.RVR.SV.V,CCV.CV.CVC.CV.V
Primacia,pɾimasia,TRV.RV.SV.V,CCV.CV.CV.V
Priméro,pɾimeːɾo,TRV.RV.RV,CCV.CV.CV
Primeté,pɾimeteː,TRV.RV.TV,CCV.CV.CV
primité,pɾimiteː,TRV.RV.TV,CCV.CV.CV
primitá,pɾimitaː,TRV.RV.TV,CCV.CV.CV
Premitido,pɾemitido,TRV.RV.TV.TV,CCV.CV.CV.CV
Primo,pɾimo,TRV.RV,CCV.CV
Primo-ferido,pɾimo feɾido,TRV.RV TV.RV.TV,CCV.CV CV.CV.CV
Princézè,pɾinseːzeː,TRVR.SV.SV,CCVC.CV.CV
Principal,pɾinsipal,TRVR.SV.TVR,CCVC.CV.CVC
Principalidado,pɾinsipalidado,TRVR.SV.TV.RV.TV.TV,CCVC.CV.CV.CV.CV.CV
Prinspo,pɾinspo,TRVRS.TV,CCVCC.CV
prenspo,pɾenspo,TRVRS.TV,CCVCC.CV
Prisoneiro,pɾizoneiɾo,TRV.SV.RVG.RV,CCV.CV.CVG.CV
Pristè,pɾisteː,TRVS.TV,CCVC.CV
Privilézia,pɾiʋileːzia,TRV.TV.RV.SV.V,CCV.CV.CV.CV.V
privilézè,pɾiʋileːzeː,TRV.TV.RV.SV,CCV.CV.CV.CV
Produzé,pɾoduzeː,TRV.TV.SV,CCV.CV.CV
producé,pɾoduseː,TRV.TV.SV,CCV.CV.CV
Professão,pɾofesaːo,TRV.TV.SV.V,CCV.CV.CV.V
Profundura,pɾofunduɾa,TRV.TVR.TV.RV,CCV.CVC.CV.CV
Propheciá,pɾofesiaː,TRV.TV.SV.V,CCV.CV.CV.V
Propheto,pɾofeto,TRV.TV.TV,CCV.CV.CV
Própi,pɾoːpi,TRV.TV,CCV.CV
Proposá,pɾopozaː,TRV.TV.SV,CCV.CV.CV
Propôsal,pɾopoːzal,TRV.TV.SVR,CCV.CV.CVC
Prósimo,pɾoːzimo,TRV.SV.RV,CCV.CV.CV
prózimo,pɾoːzimo,TRV.SV.RV,CCV.CV.CV
prosmo,pɾozmo,TRVS.RV,CCVC.CV
prósmi,pɾoːzmi,TRVS.RV,CCVC.CV
Prostratá,pɾostɾataː,TRVS.TRV.TV,CCVC.CCV.CV
Protectá,pɾotektaː,TRV.TV.T.TV,CCV.CV.C.CV
Provéita,pɾoʋeːjta,TRV.TVR.TV,CCV.CVC.CV
Proveitá,pɾoʋeitaː,TRV.TVG.TV,CCV.CVG.CV
pruveitá,pɾuʋeitaː,TRV.TVG.TV,CCV.CVG.CV
Proveitação,pɾoʋeitasaːo,TRV.TVG.TV.SV.V,CCV.CVG.CV.CV.V
Pruffia,pɾufia,TRV.TV.V,CCV.CV.V
profia,pɾofia,TRV.TV.V,CCV.CV.V
Pruffiá,pɾufiaː,TRV.TV.V,CCV.CV.V
Pruffiador,pɾufiadoɾ,TRV.TV.V.TVR,CCV.CV.V.CVC
Prugunta,pɾugunta,TRV.TVR.TV,CCV.CVC.CV
prunta,pɾunta,TRVR.TV,CCVC.CV
pruntè,pɾunteː,TRVR.TV,CCVC.CV
prunto,pɾunto,TRVR.TV,CCVC.CV
Pruguntá,pɾuguntaː,TRV.TVR.TV,CCV.CVC.CV
pruntá,pɾuntaː,TRVR.TV,CCVC.CV
Pruvá,pɾuʋaː,TRV.TV,CCV.CV
prouvá,pɾouʋaː,TRVG.TV,CCVG.CV
Psalmisto,psalmisto,T.SVR.RVS.TV,C.CVC.CVC.CV
Puçá,pusaː,TV.SV,CV.CV
pusá,puzaː,TV.SV,CV.CV
Púchi,puːt̠ʃi,TV.TV,CV.CV
Punhá,puɲaː,TV.RV,CV.CV
Puridade,puɾidade,TV.RV.TV.TV,CV.CV.CV.CV
Purificando,puɾifikando,TV.RV.TV.TVR.TV,CV.CV.CV.CVC.CV
Purismo,puɾizmo,TV.RVS.RV,CV.CVC.CV
Quadrilla,kuadɾila,TV.V.TRV.RV,CV.V.CCV.CV
Quártrimo,kuaːɾtɾimo,TV.VR.TRV.RV,CV.VC.CCV.CV
Quátor,kuaːtoɾ,TV.V.TVR,CV.V.CVC
Quebrentá,kebɾentaː,TV.TRVR.TV,CV.CCVC.CV
Quebrentação,kebɾentasaːo,TV.TRVR.TV.SV.V,CV.CCVC.CV.CV.V
Quédè,keːdeː,TV.TV,CV.CV
quadè,kuadeː,TV.V.TV,CV.V.CV
Quehora,keoɾa,TV.V.RV,CV.V.CV
Quehoraseja,keoɾazed̠ʒa,TV.V.RV.SV.TV,CV.V.CV.CV.CV
Quelai,kelai,TV.RV.V,CV.CV.V
quilai,kilai,TV.RV.V,CV.CV.V
quilei,kilei,TV.RVG,CV.CVG
quelai,kelai,TV.RV.V,CV.CV.V
Quem,kem,TVR,CVC
Quemsu,kemsu,TVR.SV,CVC.CV
Quemá,kemaː,TV.RV,CV.CV
quimà,kimaː,TV.RV,CV.CV
Quemadura,kemaduɾa,TV.RV.TV.RV,CV.CV.CV.CV
Quemodo,kemodo,TV.RV.TV,CV.CV.CV
Quenhão,keɲaːo,TV.RV.V,CV.CV.V
quinha,kiɲa,TV.RV,CV.CV
Quentá,kentaː,TVR.TV,CVC.CV
Quentura,kentuɾa,TVR.TV.RV,CVC.CV.CV
Querré,kereː,TV.RV,CV.CV
Querrendo,kerendo,TV.RVR.TV,CV.CVC.CV
Querendomente,keɾendomente,TV.RVR.TV.RVR.TV,CV.CVC.CV.CVC.CV
querandomente,keɾandomente,TV.RVR.TV.RVR.TV,CV.CVC.CV.CVC.CV
Quizer,kizeɾ,TV.SVR,CV.CVC
Querer,keɾeɾ,TV.RVR,CV.CVC
queria,keɾia,TV.RV.V,CV.CV.V
querria,keria,TV.RV.V,CV.CV.V
Querioso,keɾiozo,TV.RV.V.SV,CV.CV.V.CV
Quèssa,keːsa,TV.SV,CV.CV
quesa,keza,TV.SV,CV.CV
Quessá,kesaː,TV.SV,CV.CV
Quessador,kesadoɾ,TV.SV.TVR,CV.CV.CVC
Quetanto,ketanto,TV.TVR.TV,CV.CVC.CV
qutanto,kutanto,TV.TVR.TV,CV.CVC.CV
Quifoi,kifoj,TV.TVR,CV.CVC
Quindé,kindeː,TVR.TV,CVC.CV
quindi,kindi,TVR.TV,CVC.CV
Quinhador,kiɲadoɾ,TV.RV.TVR,CV.CV.CVC
Quorenta,kuoɾenta,TV.V.RVR.TV,CV.V.CVC.CV
Rabana,rabana,RV.TV.RV,CV.CV.CV
rabánè,rabaːneː,RV.TV.RV,CV.CV.CV
Rabentá,rabentaː,RV.TVR.TV,CV.CVC.CV
Rafiná,rafinaː,RV.TV.RV,CV.CV.CV
Rai,rai,RV.V,CV.V
Raiva,raiʋa,RV.V.TV,CV.V.CV
raivè,raiʋeː,RV.V.TV,CV.V.CV
raibè,raibeː,RV.V.TV,CV.V.CV
Ramesindo,ramezindo,RV.RV.SVR.TV,CV.CV.CVC.CV
Ramo,ramo,RV.RV,CV.CV
Ramucé,ramuseː,RV.RV.SV,CV.CV.CV
Rancá,rankaː,RVR.TV,CVC.CV
ranchá,rant̠ʃaː,RVR.TV,CVC.CV
Rancho,rant̠ʃo,RVR.TV,CVC.CV
Rapicá,rapikaː,RV.TV.TV,CV.CV.CV
Rastá,rastaː,RVS.TV,CVC.CV
Rastià,rastiaː,RVS.TV.V,CVC.CV.V
Rátel,raːtel,RV.TVR,CV.CVC
Ratinha,ratiɲa,RV.TV.RV,CV.CV.CV
Rebeldo,rebeldo,RV.TVR.TV,CV.CVC.CV
Rebellador,rebeladoɾ,RV.TV.RV.TVR,CV.CV.CV.CVC
Rebelloso,rebelozo,RV.TV.RV.SV,CV.CV.CV.CV
Recadá,rekadaː,RV.TV.TV,CV.CV.CV
Recia,resia,RV.SV.V,CV.CV.V
Reciá,resiaː,RV.SV.V,CV.CV.V
Recompensão,rekompensaːo,RV.TVR.TVR.SV.V,CV.CVC.CVC.CV.V
Redá,redaː,RV.TV,CV.CV
Redimé,redimeː,RV.TV.RV,CV.CV.CV
redemé,redemeː,RV.TV.RV,CV.CV.CV
Redundo,redundo,RV.TVR.TV,CV.CVC.CV
Refença,refensa,RV.TVR.SV,CV.CVC.CV
refencia,refensia,RV.TVR.SV.V,CV.CVC.CV.V
Refencioso,refensiozo,RV.TVR.SV.V.SV,CV.CVC.CV.V.CV
Refrescação,refɾeskasaːo,RV.TRVS.TV.SV.V,CV.CCVC.CV.CV.V
Refrigeiro,refɾid̠ʒeiɾo,RV.TRV.TVG.RV,CV.CCV.CVG.CV
Refujo,refud̠ʒo,RV.TV.TV,CV.CV.CV
Regáchi,regaːt̠ʃi,RV.TV.TV,CV.CV.CV
Règuel,reːgel,RV.TVR,CV.CVC
Régiment,reːd̠ʒiment,RV.TV.RVR.T,CV.CV.CVC.C
Registração,red̠ʒistɾasaːo,RV.TVS.TRV.SV.V,CV.CVC.CCV.CV.V
Regná,regnaː,RV.TRV,CV.CCV
Regolá,regolaː,RV.TV.RV,CV.CV.CV
Rejectá,red̠ʒektaː,RV.TV.T.TV,CV.CV.C.CV
Rejeitamento,red̠ʒeitamento,RV.TVG.TV.RVR.TV,CV.CVG.CV.CVC.CV
Relijão,relid̠ʒaːo,RV.RV.TV.V,CV.CV.CV.V
religio,relid̠ʒio,RV.RV.TV.V,CV.CV.CV.V
reliji,relid̠ʒi,RV.RV.TV,CV.CV.CV
relizè,relizeː,RV.RV.SV,CV.CV.CV
relézi,releːzi,RV.RV.SV,CV.CV.CV
Relijoso,relid̠ʒozo,RV.RV.TV.SV,CV.CV.CV.CV
Remèdi,remeːdi,RV.RV.TV,CV.CV.CV
remédè,remeːdeː,RV.RV.TV,CV.CV.CV
remedio,remedio,RV.RV.TV.V,CV.CV.CV.V
Rempido,rempido,RVR.TV.TV,CVC.CV.CV
Rendá,rendaː,RVR.TV,CVC.CV
Rendaro,rendaɾo,RVR.TV.RV,CVC.CV.CV
Repagá,repagaː,RV.TV.TV,CV.CV.CV
Repário,repaːɾio,RV.TV.RV.V,CV.CV.CV.V
Repartição,repaɾtisaːo,RV.TVR.TV.SV.V,CV.CVC.CV.CV.V
Rependê,rependeː,RV.TVR.TV,CV.CVC.CV
Rependimento,rependimento,RV.TVR.TV.RVR.TV,CV.CVC.CV.CVC.CV
Repentá,repentaː,RV.TVR.TV,CV.CVC.CV
Repentação,repentasaːo,RV.TVR.TV.SV.V,CV.CVC.CV.CV.V
Repostá,repostaː,RV.TVS.TV,CV.CVC.CV
Reprende,repɾende,RV.TRVR.TV,CV.CCVC.CV
Reprensão,repɾensaːo,RV.TRVR.SV.V,CV.CCVC.CV.V
Reprová,repɾoʋaː,RV.TRV.TV,CV.CCV.CV
Reptiles,reptiles,RV.T.TV.RVS,CV.C.CV.CVC
reptils,reptils,RV.T.TVRS,CV.C.CVCC
Requedá,rekedaː,RV.TV.TV,CV.CV.CV
Requedação,rekedasaːo,RV.TV.TV.SV.V,CV.CV.CV.CV.V
Requéza,rekeːza,RV.TV.SV,CV.CV.CV
Requirivel,rekiɾiʋel,RV.TV.RV.TVR,CV.CV.CV.CVC
Resgueto,rezgeto,RVS.TV.TV,CVC.CV.CV
Resolvá,rezolʋaː,RV.SVR.TV,CV.CVC.CV
Respeitado,respeitado,RVS.TVG.TV.TV,CVC.CVG.CV.CV
Respéto,respeːto,RVS.TV.TV,CVC.CV.CV
Resplandente,resplandente,RVS.TRVR.TVR.TV,CVC.CCVC.CVC.CV
resplandoso,resplandozo,RVS.TRVR.TV.SV,CVC.CCVC.CV.CV
Responsibilidade,responsibilidade,RVS.TVR.SV.TV.RV.TV.TV,CVC.CVC.CV.CV.CV.CV.CV
Restanto,restanto,RVS.TVR.TV,CVC.CVC.CV
Restorá,restoɾaː,RVS.TV.RV,CVC.CV.CV
Restoração,restoɾasaːo,RVS.TV.RV.SV.V,CVC.CV.CV.CV.V
Retorná,retoɾnaː,RV.TVR.RV,CV.CVC.CV
Retórna,retoːɾna,RV.TVR.RV,CV.CVC.CV
Revereno,reʋeɾeno,RV.TV.RV.RV,CV.CV.CV.CV
Rexinol,reʃinol,RV.TV.RVR,CV.CV.CVC
Rezão,rezaːo,RV.SV.V,CV.CV.V
rezan,rezan,RV.SVR,CV.CVC
Rezonavel,rezonaʋel,RV.SV.RV.TVR,CV.CV.CV.CVC
Revolá,reʋolaː,RV.TV.RV,CV.CV.CV
Rheumatism,reumatizm,RVG.RV.TVS.R,CVG.CV.CVC.C
Riba,riba,RV.TV,CV.CV
ribè,ribeː,RV.TV,CV.CV
Richo,rit̠ʃo,RV.TV,CV.CV
riqueiro,rikeiɾo,RV.TVG.RV,CV.CVG.CV
Riscá,riskaː,RVS.TV,CVC.CV
Riu,riu,RV.V,CV.V
Rodiá,rodiaː,RV.TV.V,CV.CV.V
Róga,roːga,RV.TV,CV.CV
Roido,rojdo,RVR.TV,CVC.CV
Róla,roːla,RV.RV,CV.CV
Rompá,rompaː,RVR.TV,CVC.CV
Ronchà,ront̠ʃaː,RVR.TV,CVC.CV
Rondade,rondade,RVR.TV.TV,CVC.CV.CV
Rosairo,rozaiɾo,RV.SV.V.RV,CV.CV.V.CV
Rostè,rosteː,RVS.TV,CVC.CV
Rota,rota,RV.TV,CV.CV
Rotados,rotados,RV.TV.TVS,CV.CV.CVC
Rubá,rubaː,RV.TV,CV.CV
Rubador,rubadoɾ,RV.TV.TVR,CV.CV.CVC
Rubação,rubasaːo,RV.TV.SV.V,CV.CV.CV.V
Rudela,rudela,RV.TV.RV,CV.CV.CV
Ruino,ruino,RV.V.RV,CV.V.CV
ruvína,ruʋiːna,RV.TV.RV,CV.CV.CV
ruvinação,ruʋinasaːo,RV.TV.RV.SV.V,CV.CV.CV.CV.V
Ruiná,ruinaː,RV.V.RV,CV.V.CV
ruviná,ruʋinaː,RV.TV.RV,CV.CV.CV
Rule,rule,RV.RV,CV.CV
Rumpé,rumpeː,RVR.TV,CVC.CV
Ruva,ruʋa,RV.TV,CV.CV
Saberoso,sabeɾozo,SV.TV.RV.SV,CV.CV.CV.CV
sabaroso,sabaɾozo,SV.TV.RV.SV,CV.CV.CV.CV
sabroso,sabɾozo,SV.TRV.SV,CV.CCV.CV
Saco,sako,SV.TV,CV.CV
Sacrifiço,sakɾifiso,SV.TRV.TV.SV,CV.CCV.CV.CV
sagovate,sagoʋate,SV.TV.TV.TV,CV.CV.CV.CV
sagoate,sagoate,SV.TV.V.TV,CV.CV.V.CV
Sahinho,saiɲo,SV.V.RV,CV.V.CV
Salutá,salutaː,SV.RV.TV,CV.CV.CV
Salutação,salutasaːo,SV.RV.TV.SV.V,CV.CV.CV.CV.V
Sandê,sandeː,SVR.TV,CVC.CV
sandà,sandaː,SVR.TV,CVC.CV
Santá,santaː,SVR.TV,CVC.CV
Santildade,santildade,SVR.TVR.TV.TV,CVC.CVC.CV.CV
Sápier,saːpieɾ,SV.TV.VR,CV.CV.VC
séper,seːpeɾ,SV.TVR,CV.CVC
Sapteiro,sapteiɾo,SV.T.TVG.RV,CV.C.CVG.CV
Sará,saɾaː,SV.RV,CV.CV
Sarado,saɾado,SV.RV.TV,CV.CV.CV
Sariants,saɾiants,SV.RV.VR.TS,CV.CV.VC.CC
Sastra,sastɾa,SVS.TRV,CVC.CCV
Satisfazido,satisfazido,SV.TVS.TV.SV.TV,CV.CVC.CV.CV.CV
Satisfeitomente,satisfeitomente,SV.TVS.TVG.TV.RVR.TV,CV.CVC.CVG.CV.CVC.CV
Saude,saude,SVG.TV,CVG.CV
saode,saode,SV.V.TV,CV.V.CV
savôdi,saʋoːdi,SV.TV.TV,CV.CV.CV
Saudição,saudisaːo,SVG.TV.SV.V,CVG.CV.CV.V
Saúdo,sauːdo,SVG.TV,CVG.CV
saudo-dia,saudo dia,SVG.TV TV.V,CVG.CV CV.V
Sayão,sajaːo,SV.RV.V,CV.CV.V
sayán,sajaːn,SV.RVR,CV.CVC
Secado,sekado,SV.TV.TV,CV.CV.CV
Secta,sekta,SV.T.TV,CV.C.CV
secto,sekto,SV.T.TV,CV.C.CV
Secura,sekuɾa,SV.TV.RV,CV.CV.CV
Secura-chão,sekuɾa t̠ʃaːo,SV.TV.RV TV.V,CV.CV.CV CV.V
Sedomente,sedomente,SV.TV.RVR.TV,CV.CV.CVC.CV
Ségel,seːd̠ʒel,SV.TVR,CV.CVC
Segredè,segɾedeː,SV.TRV.TV,CV.CCV.CV
segrédi,segɾeːdi,SV.TRV.TV,CV.CCV.CV
segradè,segɾadeː,SV.TRV.TV,CV.CCV.CV
Seguedor,segedoɾ,SV.TV.TVR,CV.CV.CVC
Seguente,segente,SV.TVR.TV,CV.CVC.CV
segunte,segunte,SV.TVR.TV,CV.CVC.CV
Seguiador,segiadoɾ,SV.TV.V.TVR,CV.CV.V.CVC
Seguindo,segindo,SV.TVR.TV,CV.CVC.CV
Seguradomente,seguɾadomente,SV.TV.RV.TV.RVR.TV,CV.CV.CV.CV.CVC.CV
Seisenta,seizenta,SVG.SVR.TV,CVG.CVC.CV
Seisto,seisto,SVGS.TV,CVGC.CV
Seite,seite,SVG.TV,CVG.CV
Séja,seːd̠ʒa,SV.TV,CV.CV
seija,seid̠ʒa,SVG.TV,CVG.CV
Sem,sem,SVR,CVC
Semalhança,semaʎansa,SV.RV.RVR.SV,CV.CV.CVC.CV
semeIhancè,semeianseː,SV.RVG.VR.SV,CV.CVG.VC.CV
Sementria,sementɾia,SV.RVR.TRV.V,CV.CVC.CCV.V
Sempetemo,sempetemo,SVR.TV.TV.RV,CVC.CV.CV.CV
sempretemo,sempɾetemo,SVR.TRV.TV.RV,CVC.CCV.CV.CV
sempieterno,sempieteɾno,SVR.TV.V.TVR.RV,CVC.CV.V.CVC.CV
Sen,sen,SVR,CVC
Senan,senan,SV.RVR,CV.CVC
Senhoris,seɲoɾis,SV.RV.RVS,CV.CV.CVC
Sentencia,sentensia,SVR.TVR.SV.V,CVC.CVC.CV.V
Seperá,sepeɾaː,SV.TV.RV,CV.CV.CV
Separação,sepaɾasaːo,SV.TV.RV.SV.V,CV.CV.CV.CV.V
Sepiá,sepiaː,SV.TV.V,CV.CV.V
Sepulturo,sepultuɾo,SV.TVR.TV.RV,CV.CVC.CV.CV
Séra,seːɾa,SV.RV,CV.CV
Seraphs,seɾafs,SV.RV.TS,CV.CV.CC
Serezan,seɾezan,SV.RV.SVR,CV.CV.CVC
Serioso,seɾiozo,SV.RV.V.SV,CV.CV.V.CV
Servideira,seɾʋideiɾa,SVR.TV.TVG.RV,CVC.CV.CVG.CV
Sés,seːs,SVS,CVC
Sestomo,sestomo,SVS.TV.RV,CVC.CV.CV
Seve,seʋe,SV.TV,CV.CV
Significão,signifikaːo,SV.TRV.TV.TV.V,CV.CCV.CV.CV.V
Siguier,sigieɾ,SV.TV.VR,CV.CV.VC
Silente,silente,SV.RVR.TV,CV.CVC.CV
Silentemente,silentemente,SV.RVR.TV.RVR.TV,CV.CVC.CV.CVC.CV
Simiá,simiaː,SV.RV.V,CV.CV.V
Simple,simple,SVR.TRV,CVC.CCV
simplo,simplo,SVR.TRV,CVC.CCV
Sinceiro,sinseiɾo,SVR.SVG.RV,CVC.CVG.CV
Sincoventè,sinkoʋenteː,SVR.TV.TVR.TV,CVC.CV.CVC.CV
Sinhárè,siɲaːɾeː,SV.RV.RV,CV.CV.CV
Sinho,siɲo,SV.RV,CV.CV
Sinté,sinteː,SVR.TV,CVC.CV
Sintemento,sintemento,SVR.TV.RVR.TV,CVC.CV.CVC.CV
Sintido,sintido,SVR.TV.TV,CVC.CV.CV
Siome,siome,SV.V.RV,CV.V.CV
Sir,siɾ,SVR,CVC
Sirvidor,siɾʋidoɾ,SVR.TV.TVR,CVC.CV.CVC
Siso,sizo,SV.SV,CV.CV
Sistê,sisteː,SVS.TV,CVC.CV
Slack,zlakk,S.RV.T.T,C.CV.C.C
slec,zlek,S.RV.T,C.CV.C
Slenger,zlend̠ʒeɾ,S.RVR.TVR,C.CVC.CVC
Sobei',sobeiə,SV.TVG.V,CV.CVG.V
Sobérvia,sobeːɾʋia,SV.TVR.TV.V,CV.CVC.CV.V
Sobrano,sobɾano,SV.TRV.RV,CV.CCV.CV
Sobredade,sobɾedade,SV.TRV.TV.TV,CV.CCV.CV.CV
soberdade,sobeɾdade,SV.TVR.TV.TV,CV.CVC.CV.CV
Sóbri,soːbɾi,SV.TRV,CV.CCV
sóber,soːbeɾ,SV.TVR,CV.CVC
Sociadade,sosiadade,SV.SV.V.TV.TV,CV.CV.V.CV.CV
Sociado,sosiado,SV.SV.V.TV,CV.CV.V.CV
Socorá,sokoɾaː,SV.TV.RV,CV.CV.CV
Socoro,sokoɾo,SV.TV.RV,CV.CV.CV
Soffrá,sofɾaː,SV.TRV,CV.CCV
Sogeito,sod̠ʒeito,SV.TVG.TV,CV.CVG.CV
Soitâ,sojtaː,SVR.TV,CVC.CV
Solemno,solemno,SV.RVR.RV,CV.CVC.CV
Solicitidão,solisitidaːo,SV.RV.SV.TV.TV.V,CV.CV.CV.CV.CV.V
Solteira,solteiɾa,SVR.TVG.RV,CVC.CVG.CV
Sombral,sombɾal,SVR.TRVR,CVC.CCVC
sombralho,sombɾaʎo,SVR.TRV.RV,CVC.CCV.CV
Sombrè,sombɾeː,SVR.TRV,CVC.CCV
sómber,soːmbeɾ,SVR.TVR,CVC.CVC
Sombreiro,sombɾeiɾo,SVR.TRVG.RV,CVC.CCVG.CV
sumberaro,sumbeɾaɾo,SVR.TV.RV.RV,CVC.CV.CV.CV
Sometido,sometido,SV.RV.TV.TV,CV.CV.CV.CV
Sonento,sonento,SV.RVR.TV,CV.CVC.CV
Stal,stal,S.TVR,C.CVC
Staps,staps,S.TV.TS,C.CV.CC
Su,su,SV,CV
Subê,subeː,SV.TV,CV.CV
soubê,soubeː,SVG.TV,CVG.CV
Subiá,subiaː,SV.TV.V,CV.CV.V
Subjecto,subd̠ʒekto,SV.T.TV.T.TV,CV.C.CV.C.CV
Subtomente,subtomente,SV.T.TV.RVR.TV,CV.C.CV.CVC.CV
Súcar,suːkaɾ,SV.TVR,CV.CVC
Suffri,sufɾi,SV.TRV,CV.CCV
Suffrador,sufɾadoɾ,SV.TRV.TVR,CV.CCV.CVC
Sujaza,sud̠ʒaza,SV.TV.SV,CV.CV.CV
Sujo,sud̠ʒo,SV.TV,CV.CV
Sumana,sumana,SV.RV.RV,CV.CV.CV
sumanè,sumaneː,SV.RV.RV,CV.CV.CV
Suo,suo,SV.V,CV.V
Superemo,supeɾemo,SV.TV.RV.RV,CV.CV.CV.CV
Supo,supo,SV.TV,CV.CV
Supportá,supoɾtaː,SV.TVR.TV,CV.CVC.CV
supertá,supeɾtaː,SV.TVR.TV,CV.CVC.CV
Súppodo,suːpodo,SV.TV.TV,CV.CV.CV
súppudo,suːpudo,SV.TV.TV,CV.CV.CV
Suppodomente,supodomente,SV.TV.TV.RVR.TV,CV.CV.CV.CVC.CV
Supporto,supoɾto,SV.TVR.TV,CV.CVC.CV
Suppressá,supɾesaː,SV.TRV.SV,CV.CCV.CV
Susaso,suzazo,SV.SV.SV,CV.CV.CV
Suscedà,susedaː,SV.SV.TV,CV.CV.CV
susdé,suzdeː,SVS.TV,CVC.CV
susté,susteː,SVS.TV,CVC.CV
sosté,sosteː,SVS.TV,CVC.CV
Suspicio,suspisio,SVS.TV.SV.V,CVC.CV.CV.V
suspiçan,suspisan,SVS.TV.SVR,CVC.CV.CVC
Suspira,suspiɾa,SVS.TV.RV,CVC.CV.CV
Suvà,suʋaː,SV.TV,CV.CV
Suvida,suʋida,SV.TV.TV,CV.CV.CV
Tábè,taːbeː,TV.TV,CV.CV
Tabemaclo,tabemaklo,TV.TV.RV.TRV,CV.CV.CV.CCV
Tabo,tabo,TV.TV,CV.CV
Tac,tak,TV.T,CV.C
tak,tak,TV.T,CV.C
Talhí,taʎiː,TV.RV,CV.CV
Tandá,tandaː,TVR.TV,CVC.CV
Tanga,tanga,TVR.TV,CVC.CV
Tanjador,tand̠ʒadoɾ,TVR.TV.TVR,CVC.CV.CVC
Tánta,taːnta,TVR.TV,CVC.CV
Tantohora,tantooɾa,TVR.TV.V.RV,CVC.CV.V.CV
Tappál,tapaːl,TV.TVR,CV.CVC
Tardancè,taɾdanseː,TVR.TVR.SV,CVC.CVC.CV
Tavemo,taʋemo,TV.TV.RV,CV.CV.CV
Tax,taʃ,TV.T,CV.C
Tea,tea,TV.V,CV.V
Telegramo,telegɾamo,TV.RV.TRV.RV,CV.CV.CCV.CV
Telhada,teʎada,TV.RV.TV,CV.CV.CV
Tem,tem,TVR,CVC
Temaro,temaɾo,TV.RV.RV,CV.CV.CV
Témper,teːmpeɾ,TVR.TVR,CVC.CVC
Tempésta,tempeːsta,TVR.TVS.TV,CVC.CVC.CV
Tend,tend,TVR.T,CVC.C
Tenro,tenɾo,TVR.RV,CVC.CV
Tenteção,tentesaːo,TVR.TV.SV.V,CVC.CV.CV.V
Terano,teɾano,TV.RV.RV,CV.CV.CV
Terivel,teɾiʋel,TV.RV.TVR,CV.CV.CVC
Terrestrial,terestɾial,TV.RVS.TRV.VR,CV.CVC.CCV.VC
Tesá,tezaː,TV.SV,CV.CV
Teçan,tesan,TV.SVR,CV.CVC
Testimonio,testimonio,TVS.TV.RV.RV.V,CVC.CV.CV.CV.V
Thesóura,tezoːuɾa,TV.SV.V.RV,CV.CV.V.CV
thesauro,tezauɾo,TV.SVG.RV,CV.CVG.CV
Thesouria,tezouɾia,TV.SVG.RV.V,CV.CVG.CV.V
Ticê,tiseː,TV.SV,CV.CV
tissi,tisi,TV.SV,CV.CV
Tifin,tifin,TV.TVR,CV.CVC
Tígir,tiːd̠ʒiɾ,TV.TVR,CV.CVC
Tinhè,tiɲeː,TV.RV,CV.CV
Tirnia,tiɾnia,TVR.RV.V,CVC.CV.V
Tirrá,tiraː,TV.RV,CV.CV
Toca-boca,toka boka,TV.TV TV.TV,CV.CV CV.CV
Tocando,tokando,TV.TVR.TV,CV.CVC.CV
toquando,tokuando,TV.TV.VR.TV,CV.CV.VC.CV
Todo,todo,TV.TV,CV.CV
Tone,tone,TV.RV,CV.CV
Topàz,topaːs,TV.TVS,CV.CVC
Tormentador,toɾmentadoɾ,TVR.RVR.TV.TVR,CVC.CVC.CV.CVC
Tórna,toːɾna,TVR.RV,CVC.CV
Tortil,toɾtil,TVR.TVR,CVC.CVC
Torno,toɾno,TVR.RV,CVC.CV
Tosé,tozeː,TV.SV,CV.CV
Traducê,tɾaduseː,TRV.TV.SV,CCV.CV.CV
Trahido,tɾaido,TRV.V.TV,CCV.V.CV
Train,tɾain,TRV.VR,CCV.VC
Transgressá,tɾanzgɾesaː,TRVRS.TRV.SV,CCVCC.CCV.CV
Transgressador,tɾanzgɾesadoɾ,TRVRS.TRV.SV.TVR,CCVCC.CCV.CV.CVC
Transportado,tɾanspoɾtado,TRVRS.TVR.TV.TV,CCVCC.CVC.CV.CV
Trap,tɾap,TRV.T,CCV.C
Trapá,tɾapaː,TRV.TV,CCV.CV
Travezá,tɾaʋezaː,TRV.TV.SV,CCV.CV.CV
Traz-cahido,tɾaz kaido,TRVS TV.V.TV,CCVC CV.V.CV
traz-porta,tɾaz poɾta,TRVS TVR.TV,CCVC CVC.CV
Travelho,tɾaʋeʎo,TRV.TV.RV,CCV.CV.CV
travajo,tɾaʋad̠ʒo,TRV.TV.TV,CCV.CV.CV
travai,tɾaʋai,TRV.TV.V,CCV.CV.V
travia,tɾaʋia,TRV.TV.V,CCV.CV.V
Travalhá,tɾaʋaʎaː,TRV.TV.RV,CCV.CV.CV
travalyá,tɾaʋalʲaː,TRV.TV.RV,CCV.CV.CV
travejá,tɾaʋed̠ʒaː,TRV.TV.TV,CCV.CV.CV
traveliá,tɾaʋeliaː,TRV.TV.RV.V,CCV.CV.CV.V
traviá,tɾaʋiaː,TRV.TV.V,CCV.CV.V
Trazeiro,tɾazeiɾo,TRV.SVG.RV,CCV.CVG.CV
Treato,tɾeato,TRV.V.TV,CCV.V.CV
Treção,tɾesaːo,TRV.SV.V,CCV.CV.V
tresão,tɾezaːo,TRV.SV.V,CCV.CV.V
tresan,tɾezan,TRV.SVR,CCV.CVC
Trediça,tɾedisa,TRV.TV.SV,CCV.CV.CV
traidice,tɾaidise,TRV.V.TV.SV,CCV.V.CV.CV
Treidor,tɾeidoɾ,TRVG.TVR,CCVG.CVC
tredor,tɾedoɾ,TRV.TVR,CCV.CVC
Trémè,tɾeːmeː,TRV.RV,CCV.CV
Tremedura,tɾemeduɾa,TRV.RV.TV.RV,CCV.CV.CV.CV
Trevessá,tɾeʋesaː,TRV.TV.SV,CCV.CV.CV
Trevessado,tɾeʋesado,TRV.TV.SV.TV,CCV.CV.CV.CV
trevesado,tɾeʋezado,TRV.TV.SV.TV,CCV.CV.CV.CV
arrevezado,areʋezado,V.RV.TV.SV.TV,V.CV.CV.CV.CV
Travesso,tɾaʋeso,TRV.TV.SV,CCV.CV.CV
treveço,tɾeʋeso,TRV.TV.SV,CCV.CV.CV
Trezeiro,tɾezeiɾo,TRV.SVG.RV,CCV.CVG.CV
trezéro,tɾezeːɾo,TRV.SV.RV,CCV.CV.CV
Trezeiromente,tɾezeiɾomente,TRV.SVG.RV.RVR.TV,CCV.CVG.CV.CVC.CV
Tribulá,tɾibulaː,TRV.TV.RV,CCV.CV.CV
Trimi,tɾimi,TRV.RV,CCV.CV
Trinidade,tɾinidade,TRV.RV.TV.TV,CCV.CV.CV.CV
Trintè,tɾinteː,TRVR.TV,CCVC.CV
Triómpha,tɾioːmfa,TRV.VR.TV,CCV.VC.CV
Triompliá,tɾiompliaː,TRV.VR.TRV.V,CCV.VC.CCV.V
Triompliante,tɾiompliante,TRV.VR.TRV.VR.TV,CCV.VC.CCV.VC.CV
Tristézè,tɾisteːzeː,TRVS.TV.SV,CCVC.CV.CV
Trizê,tɾizeː,TRV.SV,CCV.CV
trizá,tɾizaː,TRV.SV,CCV.CV
treizê,tɾeizeː,TRVG.SV,CCVG.CV
Troada,tɾoada,TRV.V.TV,CCV.V.CV
truada,tɾuada,TRV.V.TV,CCV.V.CV
trovada,tɾoʋada,TRV.TV.TV,CCV.CV.CV
trovado,tɾoʋado,TRV.TV.TV,CCV.CV.CV
truvado,tɾuʋado,TRV.TV.TV,CCV.CV.CV
Trova,tɾoʋa,TRV.TV,CCV.CV
truvá,tɾuʋaː,TRV.TV,CCV.CV
Trobellado,tɾobelado,TRV.TV.RV.TV,CCV.CV.CV.CV
Trocamento,tɾokamento,TRV.TV.RVR.TV,CCV.CV.CVC.CV
Trocido,tɾosido,TRV.SV.TV,CCV.CV.CV
Trombeto,tɾombeto,TRVR.TV.TV,CCVC.CV.CV
trumbetè,tɾumbeteː,TRVR.TV.TV,CCVC.CV.CV
Tromenta,tɾomenta,TRV.RVR.TV,CCV.CVC.CV
troméntè,tɾomeːnteː,TRV.RVR.TV,CCV.CVC.CV
tromento,tɾomento,TRV.RVR.TV,CCV.CVC.CV
Tropeço,tɾopeso,TRV.TV.SV,CCV.CV.CV
troupeço,tɾoupeso,TRVG.TV.SV,CCVG.CV.CV
Tropeça,tɾopesa,TRV.TV.SV,CCV.CV.CV
troupeçà,tɾoupesaː,TRVG.TV.SV,CCVG.CV.CV
Troubalá,tɾoubalaː,TRVG.TV.RV,CCVG.CV.CV
troubelà,tɾoubelaː,TRVG.TV.RV,CCVG.CV.CV
troubalha,tɾoubaʎa,TRVG.TV.RV,CCVG.CV.CV
troublà,tɾoublaː,TRVG.TRV,CCVG.CCV
trublá,tɾublaː,TRV.TRV,CCV.CCV
Trobellado,tɾobelado,TRV.TV.RV.TV,CCV.CV.CV.CV
Troublação,tɾoublasaːo,TRVG.TRV.SV.V,CCVG.CCV.CV.V
trublação,tɾublasaːo,TRV.TRV.SV.V,CCV.CCV.CV.V
trubelasan,tɾubelazan,TRV.TV.RV.SVR,CCV.CV.CV.CVC
trobalhasan,tɾobaʎazan,TRV.TV.RV.SVR,CCV.CV.CV.CVC
Trouble,tɾouble,TRVG.TRV,CCVG.CCV
Traçador,tɾasadoɾ,TRV.SV.TVR,CCV.CV.CVC
Trucé,tɾuseː,TRV.SV,CCV.CV
trussé,tɾuseː,TRV.SV,CCV.CV
Trusamento,tɾuzamento,TRV.SV.RVR.TV,CCV.CV.CVC.CV
Tudos,tudos,TV.TVS,CV.CVC
Tuli,tuli,TV.RV,CV.CV
Tuo,tuo,TV.V,CV.V
Tutana,tutana,TV.TV.RV,CV.CV.CV
Umi,umi,V.RV,V.CV
Ungiá,und̠ʒiaː,VR.TV.V,VC.CV.V
Urvis,uɾʋis,VR.TVS,VC.CVC
Usancia,uzansia,V.SVR.SV.V,V.CVC.CV.V
usancè,uzanseː,V.SVR.SV,V.CVC.CV
Uscuro,uskuɾo,VS.TV.RV,VC.CV.CV
Uço,uso,V.SV,V.CV
Vaca,ʋaka,TV.TV,CV.CV
Vacudade,ʋakudade,TV.TV.TV.TV,CV.CV.CV.CV
Vadade,ʋadade,TV.TV.TV,CV.CV.CV
Vagára,ʋagaːɾa,TV.TV.RV,CV.CV.CV
Vai,ʋai,TV.V,CV.V
Valante,ʋalante,TV.RVR.TV,CV.CVC.CV
Valiá,ʋaliaː,TV.RV.V,CV.CV.V
Vanda,ʋanda,TVR.TV,CVC.CV
Vande,ʋande,TVR.TV,CVC.CV
Vand'lar-vida,ʋandəlaɾ ʋida,TVR.TV.RVR TV.TV,CVC.CV.CVC CV.CV
Vanz,ʋans,TVRS,CVCC
Vaquinha,ʋakiɲa,TV.TV.RV,CV.CV.CV
vaccinha,ʋaksiɲa,TV.T.SV.RV,CV.C.CV.CV
Varioso,ʋaɾiozo,TV.RV.V.SV,CV.CV.V.CV
Varzè,ʋaɾzeː,TVR.SV,CVC.CV
vàrzi,ʋaːɾzi,TVR.SV,CVC.CV
Varzeiro,ʋaɾzeiɾo,TVR.SVG.RV,CVC.CVG.CV
vaijeiro,ʋaid̠ʒeiɾo,TV.V.TVG.RV,CV.V.CVG.CV
Vatti,ʋatːi,TV.TV,CV.CV
Ven,ʋen,TVR,CVC
Vença,ʋensa,TVR.SV,CVC.CV
vencà,ʋenkaː,TVR.TV,CVC.CV
Vencador,ʋenkadoɾ,TVR.TV.TVR,CVC.CV.CVC
Vein,ʋein,TVGR,CVGC
Venettè,ʋenetːeː,TV.RV.TV,CV.CV.CV
vanetta,ʋanetːa,TV.RV.TV,CV.CV.CV
vanettè,ʋanetːeː,TV.RV.TV,CV.CV.CV
Vénkel,ʋeːnkel,TVR.TVR,CVC.CVC
vénkal,ʋeːnkal,TVR.TVR,CVC.CVC
Ventra,ʋentɾa,TVR.TRV,CVC.CCV
vénter,ʋeːnteɾ,TVR.TVR,CVC.CVC
Verdedeiro,ʋeɾdedeiɾo,TVR.TV.TVG.RV,CVC.CV.CVG.CV
Verdeiromente,ʋeɾdeiɾomente,TVR.TVG.RV.RVR.TV,CVC.CVG.CV.CVC.CV
Verdente,ʋeɾdente,TVR.TVR.TV,CVC.CVC.CV
Vergonhadomente,ʋeɾgoɲadomente,TVR.TV.RV.TV.RVR.TV,CVC.CV.CV.CV.CVC.CV
Vésper,ʋeːspeɾ,TVS.TVR,CVC.CVC
Vestimento,ʋestimento,TVS.TV.RVR.TV,CVC.CV.CVC.CV
Veyo,ʋejo,TV.RV,CV.CV
Viagè,ʋiad̠ʒeː,TV.V.TV,CV.V.CV
viajo,ʋiad̠ʒo,TV.V.TV,CV.V.CV
Veagéro,ʋead̠ʒeːɾo,TV.V.TV.RV,CV.V.CV.CV
Vichelei,ʋit̠ʃelei,TV.TV.RVG,CV.CV.CVG
Vida,ʋida,TV.TV,CV.CV
vidè,ʋideː,TV.TV,CV.CV
Vidèaquél,ʋideːakeːl,TV.TV.V.TVR,CV.CV.V.CVC
Vidèque,ʋideːke,TV.TV.TV,CV.CV.CV
vidèquél,ʋideːkeːl,TV.TV.TVR,CV.CV.CVC
Vido,ʋido,TV.TV,CV.CV
Vido,ʋido,TV.TV,CV.CV
Vidor,ʋidoɾ,TV.TVR,CV.CVC
Vigári,ʋigaːɾi,TV.TV.RV,CV.CV.CV
Vigil,ʋid̠ʒil,TV.TVR,CV.CVC
Vin',ʋinə,TV.RV,CV.CV
Vindo,ʋindo,TVR.TV,CVC.CV
Vingá,ʋingaː,TVR.TV,CVC.CV
Vintôrè,ʋintoːɾeː,TVR.TV.RV,CVC.CV.CV
Vinteroso,ʋinteɾozo,TVR.TV.RV.SV,CVC.CV.CV.CV
vintroso,ʋintɾozo,TVR.TRV.SV,CVC.CCV.CV
Vio,ʋio,TV.V,CV.V
Virado,ʋiɾado,TV.RV.TV,CV.CV.CV
Viradomente,ʋiɾadomente,TV.RV.TV.RVR.TV,CV.CV.CV.CVC.CV
Virgem-ventre,ʋiɾd̠ʒem ʋentɾe,TVR.TVR TVR.TRV,CVC.CVC CVC.CCV
Virrá,ʋiraː,TV.RV,CV.CV
Vistè,ʋisteː,TVS.TV,CVC.CV
Vistê,ʋisteː,TVS.TV,CVC.CV
vistá,ʋistaː,TVS.TV,CVC.CV
Vistementé,ʋistementeː,TVS.TV.RVR.TV,CVC.CV.CVC.CV
vistemento,ʋistemento,TVS.TV.RVR.TV,CVC.CV.CVC.CV
vistido,ʋistido,TVS.TV.TV,CVC.CV.CV
Vivenda,ʋiʋenda,TV.TVR.TV,CV.CVC.CV
Vizia,ʋizia,TV.SV.V,CV.CV.V
Viziá,ʋiziaː,TV.SV.V,CV.CV.V
Viziador,ʋiziadoɾ,TV.SV.V.TVR,CV.CV.V.CVC
Viziação,ʋiziasaːo,TV.SV.V.SV.V,CV.CV.V.CV.V
Voltiá,ʋoltiaː,TVR.TV.V,CVC.CV.V
Vossas,ʋosas,TV.SVS,CV.CVC
Vossè,ʋoseː,TV.SV,CV.CV
Vossotros,ʋosotɾos,TV.SV.TRVS,CV.CV.CCVC
Waggon,ʋagon,TV.TVR,CV.CVC
Waiscoat,ʋaiskoat,TV.VS.TV.V.T,CV.VC.CV.V.C
Wine,ʋine,TV.RV,CV.CV
Zumbá,zumbaː,SVR.TV,CVC.CV
Zomberías,zombeɾiːas,SVR.TV.RV.VS,CVC.CV.CV.VC
zombrias,zombɾias,SVR.TRV.VS,CVC.CCV.VC
zombàrios,zombaːɾios,SVR.TV.RV.VS,CVC.CV.CV.VC
